,questions,months,TagName
0,3,151,eml
1,4,150,eml
2,2,148,cordova
3,2,148,eml
4,3,146,eml
5,2,145,cordova
6,5,144,cordova
7,2,143,eml
8,4,143,cordova
9,2,142,mocha.js
10,2,142,cordova
11,2,141,eml
12,2,139,cordova
13,2,139,eml
14,2,139,mocha.js
15,2,138,mocha.js
16,2,138,cordova
17,2,138,eml
18,1,137,mocha.js
19,1,137,cordova
20,4,136,cordova
21,3,136,eml
22,1,135,eml
23,4,135,cordova
24,1,134,eml
25,1,134,express
26,15,134,cordova
27,8,133,cordova
28,5,132,cordova
29,1,132,mocha.js
30,1,132,eml
31,7,131,cordova
32,2,131,mocha.js
33,2,131,eml
34,1,130,eml
35,5,130,mocha.js
36,25,130,cordova
37,2,129,mocha.js
38,44,129,cordova
39,30,128,cordova
40,4,128,mocha.js
41,3,127,express
42,36,127,cordova
43,4,127,mocha.js
44,1,126,eml
45,2,126,jasmine
46,2,126,mocha.js
47,21,126,cordova
48,55,125,cordova
49,9,125,express
50,3,125,eml
51,7,125,mocha.js
52,1,124,eml
53,26,124,express
54,82,124,cordova
55,4,124,mocha.js
56,5,124,jasmine
57,76,123,cordova
58,2,123,eml
59,15,123,express
60,1,122,mocha.js
61,40,122,express
62,88,122,cordova
63,3,122,jasmine
64,90,121,cordova
65,2,121,eml
66,2,121,mocha.js
67,60,121,express
68,3,121,jasmine
69,180,120,cordova
70,2,120,eml
71,10,120,jasmine
72,3,120,mocha.js
73,76,120,express
74,134,119,cordova
75,61,119,express
76,9,119,jasmine
77,77,118,express
78,1,118,eml
79,14,118,jasmine
80,2,118,mocha.js
81,169,118,cordova
82,7,118,clojurescript
83,4,117,clojurescript
84,5,117,mocha.js
85,3,117,eml
86,248,117,cordova
87,13,117,jasmine
88,116,117,express
89,3,116,eml
90,12,116,jasmine
91,239,116,cordova
92,3,116,typescript
93,122,116,express
94,2,116,mocha.js
95,1,116,clojurescript
96,287,115,cordova
97,1,115,ember.js
98,8,115,clojurescript
99,23,115,jasmine
100,103,115,express
101,103,114,express
102,3,114,ember.js
103,410,114,cordova
104,4,114,clojurescript
105,17,114,jasmine
106,1,114,eml
107,3,114,mocha.js
108,1,113,eml
109,29,113,jasmine
110,3,113,clojurescript
111,40,113,ember.js
112,3,113,mocha.js
113,144,113,express
114,289,113,cordova
115,4,112,eml
116,175,112,express
117,558,112,cordova
118,50,112,jasmine
119,3,112,clojurescript
120,87,112,ember.js
121,7,112,mocha.js
122,120,111,ember.js
123,152,111,express
124,10,111,clojurescript
125,660,111,cordova
126,3,111,eml
127,36,111,jasmine
128,10,111,mocha.js
129,2,110,eml
130,29,110,jasmine
131,183,110,express
132,182,110,ember.js
133,705,110,cordova
134,19,110,clojurescript
135,16,110,mocha.js
136,4,109,eml
137,165,109,meteor
138,589,109,cordova
139,148,109,ember.js
140,12,109,mocha.js
141,247,109,express
142,14,109,clojurescript
143,30,109,jasmine
144,233,108,express
145,118,108,meteor
146,31,108,jasmine
147,9,108,clojurescript
148,164,108,ember.js
149,22,108,mocha.js
150,764,108,cordova
151,3,108,browserify
152,55,107,jasmine
153,74,107,meteor
154,1,107,browserify
155,182,107,ember.js
156,19,107,mocha.js
157,1,107,eml
158,745,107,cordova
159,240,107,express
160,20,107,clojurescript
161,28,106,mocha.js
162,77,106,meteor
163,807,106,cordova
164,210,106,ember.js
165,2,106,eml
166,293,106,express
167,7,106,clojurescript
168,40,106,jasmine
169,758,105,cordova
170,4,105,eml
171,50,105,jasmine
172,9,105,clojurescript
173,100,105,meteor
174,26,105,mocha.js
175,226,105,ember.js
176,303,105,express
177,37,104,jasmine
178,72,104,meteor
179,762,104,cordova
180,246,104,ember.js
181,17,104,mocha.js
182,17,104,clojurescript
183,290,104,express
184,2,103,eml
185,299,103,express
186,772,103,cordova
187,210,103,ember.js
188,25,103,mocha.js
189,131,103,meteor
190,22,103,clojurescript
191,43,103,jasmine
192,477,103,typescript
193,847,102,cordova
194,52,102,jasmine
195,225,102,typescript
196,205,102,ember.js
197,2,102,eml
198,134,102,meteor
199,23,102,mocha.js
200,321,102,express
201,7,102,clojurescript
202,250,101,ember.js
203,48,101,jasmine
204,5,101,clojurescript
205,769,101,cordova
206,208,101,meteor
207,25,101,mocha.js
208,3,101,eml
209,1,101,browserify
210,120,101,typescript
211,318,101,express
212,5,100,eml
213,60,100,jasmine
214,816,100,cordova
215,260,100,meteor
216,148,100,typescript
217,452,100,ember.js
218,343,100,express
219,1,100,browserify
220,17,100,clojurescript
221,33,100,mocha.js
222,2,99,eml
223,2,99,browserify
224,765,99,cordova
225,501,99,ember.js
226,36,99,mocha.js
227,334,99,express
228,16,99,clojurescript
229,241,99,meteor
230,95,99,typescript
231,59,99,jasmine
232,402,98,express
233,535,98,ember.js
234,6,98,browserify
235,27,98,clojurescript
236,20,98,mocha.js
237,3,98,eml
238,816,98,cordova
239,303,98,meteor
240,171,98,typescript
241,84,98,jasmine
242,3,97,eml
243,93,97,jasmine
244,348,97,express
245,493,97,ember.js
246,39,97,mocha.js
247,1,97,angular
248,143,97,typescript
249,237,97,meteor
250,7,97,browserify
251,842,97,cordova
252,29,97,clojurescript
253,1,96,eml
254,71,96,jasmine
255,921,96,cordova
256,7,96,browserify
257,126,96,typescript
258,247,96,meteor
259,24,96,clojurescript
260,392,96,ember.js
261,1,96,reactjs
262,329,96,express
263,46,96,mocha.js
264,288,95,meteor
265,72,95,jasmine
266,18,95,clojurescript
267,9,95,browserify
268,378,95,ember.js
269,153,95,typescript
270,1,95,reactjs
271,859,95,cordova
272,2,95,eml
273,324,95,express
274,34,95,mocha.js
275,975,94,cordova
276,93,94,jasmine
277,385,94,express
278,584,94,ember.js
279,6,94,browserify
280,327,94,meteor
281,36,94,mocha.js
282,6,94,reactjs
283,157,94,typescript
284,3,94,eml
285,32,94,clojurescript
286,3,93,eml
287,92,93,jasmine
288,932,93,cordova
289,10,93,browserify
290,57,93,mocha.js
291,477,93,express
292,10,93,clojurescript
293,2,93,hapijs
294,2,93,reactjs
295,368,93,meteor
296,167,93,typescript
297,658,93,ember.js
298,70,92,jasmine
299,2,92,eml
300,730,92,ember.js
301,21,92,clojurescript
302,129,92,typescript
303,2,92,webdriver-io
304,279,92,meteor
305,11,92,reactjs
306,1,92,browserify
307,944,92,cordova
308,41,92,mocha.js
309,448,92,express
310,491,91,express
311,617,91,ember.js
312,1121,91,cordova
313,6,91,reactjs
314,121,91,typescript
315,3,91,eml
316,4,91,browserify
317,276,91,meteor
318,2,91,webdriver-io
319,1,91,hapijs
320,49,91,mocha.js
321,115,91,jasmine
322,24,91,clojurescript
323,1,90,eml
324,583,90,ember.js
325,1016,90,cordova
326,7,90,browserify
327,40,90,mocha.js
328,491,90,express
329,20,90,clojurescript
330,8,90,reactjs
331,1,90,webdriver-io
332,85,90,jasmine
333,147,90,typescript
334,330,90,meteor
335,7,89,browserify
336,3,89,eml
337,536,89,ember.js
338,2,89,webdriver-io
339,70,89,mocha.js
340,182,89,typescript
341,556,89,express
342,28,89,reactjs
343,102,89,jasmine
344,19,89,clojurescript
345,933,89,cordova
347,419,89,meteor
348,1,88,angular
349,460,88,meteor
350,1063,88,cordova
351,32,88,clojurescript
352,2,88,koa
353,1,88,hapijs
354,6,88,ionic-framework
355,62,88,reactjs
356,174,88,jasmine
357,519,88,ember.js
358,25,88,browserify
359,2,88,eml
361,24,88,gulp
362,580,88,express
363,2,88,webdriver-io
364,69,88,mocha.js
365,214,88,typescript
366,2,87,eml
367,553,87,ember.js
368,990,87,cordova
369,27,87,browserify
370,93,87,gulp
371,151,87,jasmine
372,26,87,clojurescript
373,64,87,reactjs
374,175,87,typescript
375,570,87,express
376,8,87,koa
377,7,87,ionic-framework
378,60,87,mocha.js
379,463,87,meteor
381,4,87,hapijs
382,26,86,browserify
383,1332,86,cordova
384,555,86,ember.js
385,1,86,webdriver-io
386,141,86,jasmine
387,1,86,webpack
388,563,86,express
389,22,86,clojurescript
390,82,86,gulp
391,3,86,eml
392,1,86,hapijs
393,5,86,koa
394,34,86,ionic-framework
395,49,86,reactjs
396,528,86,meteor
397,61,86,mocha.js
398,173,86,typescript
400,2,85,vue.js
401,73,85,mocha.js
402,1,85,webpack
403,39,85,browserify
404,463,85,meteor
405,6,85,koa
406,27,85,clojurescript
407,54,85,ionic-framework
408,1,85,hapijs
409,144,85,jasmine
410,616,85,ember.js
411,1087,85,cordova
412,46,85,reactjs
413,574,85,express
414,67,85,gulp
415,195,85,typescript
416,3,85,webdriver-io
418,6,84,eml
419,3,84,webpack
420,1031,84,cordova
421,1,84,electron
422,98,84,reactjs
423,147,84,jasmine
424,5,84,webdriver-io
425,563,84,ember.js
426,42,84,browserify
427,2,84,angular
428,38,84,clojurescript
429,435,84,meteor
430,65,84,mocha.js
431,5,84,hapijs
432,8,84,koa
434,209,84,typescript
435,3,84,vue.js
436,618,84,express
437,60,84,ionic-framework
438,104,84,gulp
439,93,83,reactjs
440,52,83,browserify
441,1,83,webpack
442,151,83,jasmine
443,7,83,koa
444,101,83,gulp
445,1010,83,cordova
446,526,83,express
447,3,83,webdriver-io
448,1,83,electron
449,23,83,clojurescript
450,80,83,ionic-framework
451,2,83,eml
452,650,83,ember.js
454,1,83,hapijs
455,57,83,mocha.js
456,391,83,meteor
457,157,83,typescript
458,4,82,jestjs
459,2,82,webdriver-io
460,120,82,reactjs
461,40,82,browserify
462,1,82,eml
464,23,82,clojurescript
465,91,82,ionic-framework
466,8,82,webpack
467,558,82,express
468,4,82,koa
469,1,82,electron
470,413,82,meteor
471,147,82,gulp
472,3,82,vue.js
473,1043,82,cordova
474,8,82,hapijs
475,166,82,jasmine
476,546,82,ember.js
477,30,82,mocha.js
478,7,82,purescript
479,249,82,typescript
480,1,81,eml
481,9,81,webpack
482,23,81,clojurescript
483,109,81,reactjs
484,99,81,gulp
485,143,81,jasmine
486,606,81,express
487,2,81,electron
488,60,81,browserify
489,3,81,purescript
490,178,81,typescript
491,569,81,ember.js
492,987,81,cordova
493,17,81,hapijs
494,1,81,webdriver-io
495,481,81,meteor
497,7,81,jestjs
498,55,81,mocha.js
499,175,81,ionic-framework
500,12,81,koa
501,145,80,reactjs
502,442,80,express
503,5,80,webpack
504,173,80,ionic-framework
505,68,80,mocha.js
506,1,80,vue.js
507,971,80,cordova
508,47,80,browserify
509,1,80,eml
510,594,80,meteor
511,3,80,jestjs
512,138,80,gulp
513,10,80,koa
514,14,80,hapijs
515,23,80,clojurescript
516,1,80,purescript
518,2,80,angular
519,2,80,webdriver-io
520,153,80,jasmine
521,167,80,typescript
522,496,80,ember.js
523,1,79,webdriver-io
524,4,79,jestjs
525,1,79,electron
526,191,79,reactjs
528,17,79,hapijs
529,191,79,ionic-framework
530,9,79,koa
531,528,79,express
532,13,79,webpack
533,61,79,browserify
534,30,79,clojurescript
535,2,79,purescript
536,538,79,meteor
537,909,79,cordova
538,3,79,eml
539,148,79,jasmine
540,4,79,vue.js
541,485,79,ember.js
542,3,79,angular
543,61,79,mocha.js
544,215,79,typescript
545,120,79,gulp
546,56,78,browserify
547,147,78,jasmine
548,573,78,express
549,466,78,ember.js
550,954,78,cordova
551,4,78,jestjs
552,7,78,koa
553,208,78,reactjs
554,4,78,electron
555,10,78,webpack
556,3,78,webdriver-io
557,707,78,meteor
558,243,78,ionic-framework
559,2,78,vue.js
560,75,78,mocha.js
561,1,78,eml
562,162,78,gulp
563,4,78,angular
564,191,78,typescript
565,12,78,hapijs
566,30,78,clojurescript
569,65,77,mocha.js
570,156,77,jasmine
571,26,77,webpack
572,55,77,browserify
573,5,77,webdriver-io
574,548,77,express
575,33,77,clojurescript
576,5,77,electron
577,3,77,eml
578,501,77,ember.js
579,840,77,cordova
580,279,77,ionic-framework
581,225,77,reactjs
582,614,77,meteor
583,184,77,typescript
585,19,77,koa
586,2,77,angular
587,177,77,gulp
588,1,77,purescript
590,1,77,vue.js
591,7,77,jestjs
592,14,77,hapijs
593,252,76,reactjs
594,11,76,webpack
595,344,76,ionic-framework
598,18,76,hapijs
599,547,76,ember.js
600,13,76,koa
601,5,76,purescript
602,6,76,jestjs
603,754,76,meteor
604,41,76,clojurescript
605,69,76,browserify
606,9,76,vue.js
607,905,76,cordova
608,2,76,webdriver-io
609,187,76,gulp
610,8,76,electron
611,205,76,jasmine
612,588,76,express
613,187,76,typescript
614,1,76,angular
615,79,76,mocha.js
616,172,75,typescript
617,1,75,angular
618,2,75,electron
619,484,75,ember.js
620,7,75,koa
621,25,75,jestjs
622,866,75,cordova
623,458,75,reactjs
624,147,75,jasmine
625,11,75,webpack
626,57,75,browserify
627,780,75,meteor
629,3,75,purescript
630,410,75,ionic-framework
631,3,75,eml
632,556,75,express
633,2,75,vue.js
634,215,75,gulp
635,25,75,hapijs
638,6,75,webdriver-io
639,32,75,clojurescript
640,93,75,mocha.js
641,500,74,reactjs
642,157,74,jasmine
643,236,74,typescript
644,522,74,ionic-framework
645,4,74,webdriver-io
646,911,74,meteor
647,33,74,clojurescript
649,239,74,gulp
650,471,74,ember.js
651,962,74,cordova
652,95,74,browserify
653,1,74,graphql
654,629,74,express
655,8,74,koa
657,100,74,mocha.js
658,14,74,angular
659,75,74,react-native
660,7,74,electron
661,1,74,relay
662,28,74,hapijs
664,15,74,jestjs
665,2,74,eml
666,2,74,purescript
667,35,74,webpack
668,5,74,vue.js
669,660,73,ionic-framework
670,21,73,jestjs
672,20,73,clojurescript
673,288,73,gulp
674,55,73,webpack
675,499,73,ember.js
676,626,73,reactjs
677,76,73,browserify
678,30,73,hapijs
679,648,73,express
680,256,73,typescript
682,1014,73,cordova
683,990,73,meteor
684,25,73,koa
685,3,73,purescript
686,5,73,vue.js
687,8,73,electron
688,96,73,mocha.js
689,234,73,jasmine
690,128,73,react-native
691,15,73,angular
692,7,73,webdriver-io
693,2,73,eml
694,79,72,webpack
695,947,72,ionic-framework
696,6,72,vue.js
697,51,72,angular
698,36,72,clojurescript
699,85,72,browserify
700,977,72,meteor
701,682,72,express
702,6,72,purescript
703,260,72,gulp
704,17,72,hapijs
705,348,72,typescript
706,23,72,jestjs
707,141,72,react-native
708,465,72,ember.js
709,16,72,koa
710,1,72,eml
711,24,72,electron
712,621,72,reactjs
713,183,72,jasmine
714,1143,72,cordova
715,8,72,webdriver-io
718,96,72,mocha.js
719,689,71,reactjs
720,19,71,hapijs
721,997,71,cordova
722,26,71,electron
723,6,71,webdriver-io
724,85,71,angular
725,25,71,clojurescript
727,260,71,gulp
728,41,71,vue.js
729,19,71,koa
730,84,71,browserify
731,1,71,eml
732,91,71,webpack
733,361,71,typescript
734,492,71,ember.js
735,103,71,react-native
736,200,71,jasmine
737,114,71,mocha.js
738,920,71,ionic-framework
739,15,71,jestjs
741,736,71,express
742,5,71,purescript
743,979,71,meteor
744,925,70,ionic-framework
745,1070,70,cordova
746,446,70,ember.js
747,834,70,reactjs
748,6,70,redux
749,98,70,webpack
750,1042,70,meteor
751,382,70,typescript
752,80,70,browserify
753,15,70,jestjs
755,5,70,eml
756,3,70,purescript
757,125,70,react-native
758,772,70,express
759,103,70,mocha.js
760,279,70,gulp
761,65,70,vue.js
762,50,70,hapijs
763,6,70,webdriver-io
764,48,70,electron
765,34,70,clojurescript
766,263,70,jasmine
768,84,70,angular
769,32,70,koa
770,774,69,reactjs
771,10,69,purescript
772,465,69,ember.js
773,112,69,react-native
774,60,69,clojurescript
775,741,69,express
776,943,69,meteor
777,27,69,electron
778,106,69,webpack
779,103,69,mocha.js
780,4,69,relay
781,1076,69,ionic-framework
782,43,69,vue.js
783,23,69,koa
784,7,69,graphql
786,2,69,eml
787,442,69,typescript
788,40,69,hapijs
789,81,69,browserify
790,15,69,jestjs
792,283,69,gulp
793,218,69,jasmine
794,918,69,cordova
795,11,69,redux
796,85,69,angular
797,12,69,webdriver-io
798,1,68,eml
799,101,68,webpack
800,40,68,clojurescript
801,42,68,electron
802,34,68,relay
803,235,68,jasmine
805,974,68,reactjs
806,64,68,browserify
807,2,68,purescript
808,1032,68,cordova
809,842,68,meteor
810,30,68,redux
811,86,68,angular
812,714,68,express
813,428,68,ember.js
814,197,68,react-native
815,62,68,vue.js
816,395,68,typescript
817,922,68,ionic-framework
818,28,68,graphql
819,18,68,hapijs
820,13,68,koa
821,12,68,jestjs
823,17,68,webdriver-io
825,311,68,gulp
826,101,68,mocha.js
827,157,67,webpack
828,2,67,purescript
829,2,67,eml
830,708,67,express
831,1062,67,cordova
833,45,67,clojurescript
834,894,67,meteor
835,20,67,jestjs
836,884,67,ionic-framework
837,1033,67,reactjs
838,28,67,relay
840,312,67,gulp
841,16,67,graphql
842,118,67,angular
843,286,67,react-native
844,50,67,electron
845,21,67,koa
846,189,67,jasmine
847,435,67,typescript
848,95,67,browserify
849,121,67,redux
850,376,67,ember.js
851,91,67,mocha.js
854,44,67,vue.js
855,27,67,hapijs
856,635,66,express
857,76,66,vue.js
858,100,66,browserify
859,1239,66,reactjs
860,164,66,jasmine
861,11,66,graphql
862,925,66,ionic-framework
863,46,66,clojurescript
864,8,66,webdriver-io
865,1,66,rollupjs
867,937,66,cordova
868,222,66,angular
869,3,66,eml
871,20,66,koa
872,317,66,gulp
873,2,66,strapi
874,55,66,electron
875,32,66,hapijs
876,103,66,mocha.js
877,197,66,webpack
878,359,66,react-native
879,737,66,meteor
880,546,66,typescript
881,18,66,jestjs
882,2,66,purescript
883,18,66,relay
885,358,66,ember.js
886,129,66,redux
887,941,65,ionic-framework
888,493,65,angular
889,104,65,mocha.js
890,280,65,ember.js
891,1379,65,reactjs
892,877,65,cordova
893,622,65,typescript
894,820,65,meteor
895,379,65,react-native
896,178,65,jasmine
897,46,65,clojurescript
899,180,65,redux
900,1,65,rollupjs
901,14,65,koa
902,47,65,electron
903,113,65,browserify
904,237,65,webpack
906,13,65,hapijs
907,30,65,graphql
908,20,65,jestjs
909,703,65,express
911,36,65,relay
912,3,65,purescript
914,107,65,vue.js
916,17,65,webdriver-io
917,360,65,gulp
918,852,64,typescript
919,365,64,gulp
920,3,64,eml
921,31,64,relay
922,432,64,react-native
923,949,64,ionic-framework
924,1479,64,reactjs
925,347,64,ember.js
926,307,64,webpack
927,885,64,cordova
929,849,64,express
931,1,64,nwjs
932,235,64,redux
933,204,64,jasmine
934,94,64,clojurescript
937,841,64,meteor
938,24,64,koa
939,81,64,browserify
940,25,64,graphql
941,1214,64,angular
943,5,64,purescript
944,106,64,mocha.js
945,16,64,jestjs
946,15,64,webdriver-io
947,73,64,electron
948,153,64,vue.js
949,1,64,strapi
950,23,64,hapijs
951,1513,63,angular
952,12,63,jestjs
953,975,63,ionic-framework
954,1059,63,cordova
955,1432,63,reactjs
956,20,63,hapijs
958,83,63,clojurescript
959,192,63,jasmine
960,324,63,webpack
961,871,63,express
963,5,63,purescript
964,981,63,meteor
966,24,63,koa
967,68,63,browserify
968,12,63,graphql
969,22,63,relay
970,128,63,vue.js
971,298,63,redux
972,3,63,eml
973,309,63,ember.js
974,455,63,react-native
975,12,63,webdriver-io
977,73,63,electron
978,346,63,gulp
979,996,63,typescript
980,122,63,mocha.js
981,106,62,electron
982,400,62,webpack
983,14,62,webdriver-io
984,3,62,rollupjs
985,39,62,graphql
986,1080,62,cordova
987,333,62,redux
988,1899,62,reactjs
989,114,62,browserify
990,22,62,jestjs
991,857,62,express
992,327,62,ember.js
993,43,62,relay
994,239,62,jasmine
996,744,62,meteor
997,10,62,mobx
998,1,62,strapi
999,1140,62,typescript
1000,2,62,eml
1002,1815,62,angular
1003,19,62,koa
1004,2,62,ava
1005,412,62,gulp
1006,161,62,vue.js
1008,1061,62,ionic-framework
1009,516,62,react-native
1010,13,62,purescript
1011,133,62,mocha.js
1012,38,62,hapijs
1014,47,62,clojurescript
1016,131,61,mocha.js
1017,2075,61,angular
1018,1244,61,typescript
1019,1027,61,ionic-framework
1020,1798,61,reactjs
1021,708,61,meteor
1022,58,61,clojurescript
1024,403,61,gulp
1025,307,61,ember.js
1026,996,61,cordova
1027,71,61,browserify
1028,27,61,graphql
1029,900,61,express
1030,29,61,relay
1033,198,61,jasmine
1034,516,61,react-native
1035,89,61,electron
1036,6,61,webdriver-io
1037,5,61,rollupjs
1038,1,61,eml
1039,4,61,mobx
1040,22,61,koa
1041,10,61,purescript
1044,344,61,redux
1045,29,61,hapijs
1046,403,61,webpack
1047,1,61,ava
1048,195,61,vue.js
1049,15,61,jestjs
1050,1,61,strapi
1051,67,60,browserify
1052,27,60,relay
1053,646,60,meteor
1054,1864,60,reactjs
1055,960,60,cordova
1056,3,60,eml
1057,2,60,nwjs
1058,13,60,koa
1059,1,60,preact
1060,36,60,graphql
1061,2,60,vuex
1062,56,60,clojurescript
1063,156,60,mocha.js
1064,20,60,jestjs
1065,334,60,ember.js
1066,12,60,webdriver-io
1067,975,60,ionic-framework
1068,2,60,rollupjs
1070,1410,60,typescript
1072,583,60,react-native
1074,3,60,reason
1075,2339,60,angular
1076,370,60,webpack
1077,822,60,express
1078,21,60,hapijs
1079,292,60,redux
1080,2,60,ava
1081,113,60,electron
1082,165,60,vue.js
1083,233,60,jasmine
1085,337,60,gulp
1086,8,60,mobx
1087,17,60,purescript
1088,3,59,gatsby
1089,414,59,webpack
1090,219,59,jasmine
1091,51,59,graphql
1092,877,59,cordova
1094,1384,59,typescript
1095,934,59,ionic-framework
1096,312,59,gulp
1097,23,59,jestjs
1098,2643,59,angular
1099,2,59,vuex
1100,623,59,react-native
1101,5,59,purescript
1102,27,59,clojurescript
1103,168,59,vue.js
1105,1,59,rollupjs
1106,4,59,webdriver-io
1107,1,59,ava
1108,1,59,nwjs
1109,1,59,strapi
1110,130,59,mocha.js
1111,1,59,eml
1112,7,59,mobx
1113,2134,59,reactjs
1114,430,59,redux
1115,365,59,ember.js
1116,58,59,browserify
1117,573,59,meteor
1118,42,59,relay
1119,20,59,hapijs
1120,122,59,electron
1121,20,59,koa
1124,931,59,express
1125,2,59,reason
1126,299,58,gulp
1127,22,58,hapijs
1128,872,58,cordova
1129,910,58,ionic-framework
1130,7,58,webdriver-io
1131,9,58,purescript
1132,715,58,react-native
1134,141,58,mocha.js
1135,5,58,ava
1136,1,58,reason
1137,5,58,vuex
1138,3,58,eml
1139,176,58,vue.js
1140,38,58,clojurescript
1141,6,58,nwjs
1142,2336,58,reactjs
1143,155,58,jasmine
1144,20,58,koa
1145,66,58,browserify
1146,55,58,relay
1147,17,58,jestjs
1150,1572,58,typescript
1151,597,58,meteor
1152,4,58,gatsby
1153,122,58,electron
1154,460,58,redux
1155,446,58,webpack
1156,13,58,mobx
1158,53,58,graphql
1159,899,58,express
1160,3,58,rollupjs
1161,258,58,ember.js
1162,2,58,strapi
1163,2747,58,angular
1164,11,57,purescript
1165,6,57,rollupjs
1166,40,57,relay
1167,3,57,reason
1168,20,57,mobx
1169,782,57,react-native
1170,156,57,electron
1171,1738,57,typescript
1172,902,57,ionic-framework
1174,264,57,ember.js
1176,790,57,cordova
1177,246,57,vue.js
1178,1,57,expo
1179,2611,57,reactjs
1180,330,57,gulp
1181,54,57,graphql
1182,13,57,vuex
1183,147,57,mocha.js
1184,3,57,nwjs
1185,20,57,jestjs
1186,18,57,hapijs
1187,12,57,koa
1188,1,57,preact
1190,4,57,ava
1191,38,57,clojurescript
1193,575,57,webpack
1195,15,57,webdriver-io
1196,76,57,browserify
1197,605,57,meteor
1198,562,57,redux
1199,868,57,express
1200,170,57,jasmine
1201,2,57,gatsby
1202,3151,57,angular
1203,1,56,preact
1204,505,56,webpack
1205,18,56,mobx
1206,37,56,jestjs
1207,477,56,redux
1208,1,56,cypress
1209,7,56,nwjs
1210,35,56,relay
1211,1621,56,typescript
1212,756,56,cordova
1213,126,56,electron
1214,285,56,ember.js
1215,13,56,webdriver-io
1216,25,56,clojurescript
1217,52,56,browserify
1218,496,56,meteor
1219,5,56,purescript
1220,263,56,vue.js
1221,857,56,ionic-framework
1222,9,56,rollupjs
1223,950,56,express
1224,4,56,ava
1226,9,56,vuex
1227,224,56,jasmine
1228,17,56,hapijs
1229,285,56,gulp
1230,75,56,graphql
1232,2511,56,reactjs
1234,3309,56,angular
1235,763,56,react-native
1237,1,56,gatsby
1238,127,56,mocha.js
1239,15,56,koa
1240,885,55,ionic-framework
1241,3871,55,angular
1242,707,55,cordova
1243,123,55,electron
1244,2476,55,reactjs
1245,595,55,webpack
1246,22,55,relay
1248,667,55,react-native
1249,26,55,hapijs
1250,901,55,express
1251,8,55,vuex
1252,498,55,redux
1253,54,55,jestjs
1254,16,55,koa
1256,67,55,browserify
1257,377,55,vue.js
1258,24,55,clojurescript
1259,431,55,meteor
1260,53,55,graphql
1261,24,55,rollupjs
1264,17,55,mobx
1265,3,55,ava
1266,10,55,webdriver-io
1267,10,55,nwjs
1268,113,55,mocha.js
1269,7,55,purescript
1270,284,55,gulp
1271,248,55,ember.js
1272,1755,55,typescript
1273,200,55,jasmine
1274,2,55,gatsby
1275,25,54,relay
1276,162,54,electron
1277,15,54,webdriver-io
1278,9,54,rollupjs
1279,518,54,vue.js
1280,5,54,nwjs
1281,8,54,koa
1282,191,54,jasmine
1283,713,54,cordova
1284,3688,54,angular
1285,2752,54,reactjs
1287,58,54,jestjs
1289,77,54,graphql
1290,992,54,express
1291,728,54,react-native
1292,49,54,browserify
1293,1,54,eml
1294,200,54,ember.js
1295,651,54,webpack
1296,23,54,mobx
1297,529,54,redux
1298,520,54,meteor
1300,912,54,ionic-framework
1301,35,54,clojurescript
1302,51,54,vuex
1303,127,54,mocha.js
1304,271,54,gulp
1305,1650,54,typescript
1307,9,54,purescript
1308,21,54,hapijs
1309,1,54,ava
1310,4,53,gatsby
1311,2,53,eml
1312,41,53,browserify
1313,794,53,cordova
1314,2675,53,reactjs
1315,70,53,graphql
1316,812,53,ionic-framework
1317,3,53,next.js
1318,1771,53,typescript
1319,202,53,ember.js
1322,8,53,webdriver-io
1323,9,53,rollupjs
1325,30,53,clojurescript
1326,97,53,mocha.js
1327,602,53,vue.js
1328,46,53,relay
1329,8,53,koa
1330,528,53,redux
1331,6,53,ava
1332,6,53,nwjs
1333,618,53,webpack
1334,154,53,jasmine
1335,19,53,hapijs
1336,791,53,react-native
1337,70,53,jestjs
1338,841,53,express
1340,157,53,electron
1341,431,53,meteor
1342,3869,53,angular
1343,29,53,vuex
1344,11,53,purescript
1345,17,53,mobx
1346,214,53,gulp
1347,2,53,quasar-framework
1348,3,52,preact
1349,6,52,nwjs
1350,940,52,express
1351,165,52,jasmine
1352,2949,52,reactjs
1353,854,52,ionic-framework
1354,2018,52,typescript
1355,721,52,cordova
1356,3,52,eml
1358,12,52,koa
1359,90,52,jestjs
1360,87,52,graphql
1361,177,52,electron
1363,692,52,webpack
1364,62,52,browserify
1365,250,52,ember.js
1366,41,52,relay
1367,1,52,strapi
1369,409,52,meteor
1370,30,52,clojurescript
1371,12,52,rollupjs
1373,28,52,vuex
1374,13,52,webdriver-io
1375,682,52,vue.js
1376,25,52,mobx
1377,17,52,purescript
1378,2,52,next.js
1379,9,52,ava
1380,900,52,react-native
1381,23,52,hapijs
1382,600,52,redux
1383,4347,52,angular
1384,2,52,gatsby
1385,115,52,mocha.js
1386,6,52,apollo-client
1387,236,52,gulp
1388,868,51,webpack
1389,792,51,ionic-framework
1390,3201,51,reactjs
1391,32,51,vuex
1392,873,51,react-native
1393,122,51,electron
1394,2025,51,typescript
1395,4666,51,angular
1396,87,51,jestjs
1397,6,51,nwjs
1398,1,51,eml
1399,30,51,relay
1400,638,51,cordova
1401,1,51,gatsby
1402,11,51,apollo-client
1403,165,51,jasmine
1405,37,51,browserify
1406,15,51,webdriver-io
1407,381,51,meteor
1408,120,51,mocha.js
1409,208,51,gulp
1410,6,51,preact
1411,268,51,ember.js
1414,39,51,clojurescript
1415,963,51,express
1416,593,51,redux
1417,17,51,purescript
1418,16,51,koa
1419,1,51,expo
1420,97,51,graphql
1422,14,51,rollupjs
1423,24,51,mobx
1424,628,51,vue.js
1425,1,51,svelte
1426,4,51,ava
1427,31,51,hapijs
1429,20,50,webdriver-io
1430,855,50,vue.js
1431,59,50,vuex
1432,3397,50,reactjs
1434,434,50,meteor
1435,8,50,nwjs
1436,3,50,next.js
1437,5513,50,angular
1438,249,50,ember.js
1439,162,50,electron
1440,754,50,cordova
1441,4,50,svelte
1442,29,50,relay
1443,856,50,ionic-framework
1444,28,50,koa
1445,225,50,jasmine
1446,824,50,webpack
1448,36,50,clojurescript
1449,219,50,gulp
1450,3,50,eml
1452,3,50,nuxt.js
1453,6,50,preact
1454,93,50,jestjs
1455,35,50,browserify
1456,23,50,hapijs
1457,2330,50,typescript
1458,10,50,rollupjs
1460,20,50,apollo-client
1461,1117,50,express
1462,120,50,graphql
1463,34,50,mobx
1464,8,50,ava
1465,17,50,purescript
1466,11,50,expo
1467,3,50,gatsby
1468,1237,50,react-native
1469,633,50,redux
1471,115,50,mocha.js
1472,841,49,ionic-framework
1473,740,49,webpack
1474,23,49,webdriver-io
1475,47,49,vuex
1476,77,49,graphql
1477,9,49,rollupjs
1478,116,49,mocha.js
1479,139,49,electron
1480,1057,49,react-native
1481,4998,49,angular
1482,942,49,express
1483,245,49,ember.js
1484,11,49,apollo-client
1485,705,49,cordova
1486,2147,49,typescript
1487,21,49,expo
1488,3,49,svelte
1489,17,49,purescript
1490,23,49,clojurescript
1492,1,49,nwjs
1493,177,49,jasmine
1494,6,49,nuxt.js
1495,336,49,meteor
1496,191,49,gulp
1497,686,49,vue.js
1498,22,49,koa
1501,117,49,jestjs
1502,16,49,relay
1503,3379,49,reactjs
1504,30,49,browserify
1505,22,49,hapijs
1506,1,49,next.js
1507,2,49,ava
1509,4,49,eml
1510,2,49,reason
1511,4,49,preact
1513,589,49,redux
1514,28,49,mobx
1516,2440,48,typescript
1517,779,48,ionic-framework
1518,769,48,webpack
1519,32,48,expo
1520,38,48,relay
1521,2,48,svelte
1522,25,48,clojurescript
1523,21,48,hapijs
1524,5,48,gatsby
1525,5269,48,angular
1526,17,48,next.js
1527,9,48,rollupjs
1528,13,48,koa
1529,211,48,gulp
1530,597,48,cordova
1531,758,48,vue.js
1532,3,48,preact
1533,4,48,nwjs
1534,7,48,nuxt.js
1536,108,48,graphql
1538,1347,48,react-native
1539,7,48,ava
1540,1,48,storybook
1541,29,48,browserify
1542,3915,48,reactjs
1543,383,48,meteor
1546,662,48,redux
1547,106,48,jestjs
1548,15,48,webdriver-io
1549,166,48,electron
1550,13,48,apollo-client
1551,960,48,express
1552,135,48,mocha.js
1553,33,48,mobx
1554,1,48,nestjs
1555,188,48,jasmine
1556,64,48,vuex
1557,204,48,ember.js
1559,10,48,purescript
1560,5595,47,angular
1561,750,47,webpack
1562,38,47,relay
1563,637,47,cordova
1564,3899,47,reactjs
1565,49,47,expo
1567,26,47,webdriver-io
1569,125,47,jestjs
1570,202,47,electron
1572,109,47,mocha.js
1573,21,47,hapijs
1574,899,47,ionic-framework
1575,4,47,reason
1576,121,47,jasmine
1577,10,47,apollo-client
1578,296,47,meteor
1579,21,47,next.js
1580,684,47,redux
1581,1318,47,react-native
1583,16,47,koa
1584,30,47,browserify
1585,15,47,rollupjs
1586,59,47,vuex
1587,16,47,nuxt.js
1588,21,47,purescript
1589,835,47,vue.js
1590,171,47,ember.js
1591,12,47,clojurescript
1592,7,47,preact
1593,100,47,graphql
1594,905,47,express
1595,8,47,ava
1596,2415,47,typescript
1597,3,47,eml
1598,5,47,nwjs
1601,1,47,storybook
1602,32,47,mobx
1603,195,47,gulp
1604,4,46,nwjs
1605,598,46,cordova
1606,7,46,preact
1607,134,46,graphql
1608,957,46,ionic-framework
1609,919,46,vue.js
1610,16,46,relay
1611,13,46,hapijs
1612,6059,46,angular
1613,149,46,jestjs
1614,964,46,express
1615,90,46,vuex
1616,33,46,browserify
1618,5,46,reason
1619,1,46,eml
1621,759,46,webpack
1622,23,46,webdriver-io
1623,11,46,rollupjs
1624,193,46,gulp
1625,10,46,purescript
1626,21,46,next.js
1627,7,46,ava
1628,1520,46,react-native
1629,209,46,ember.js
1630,145,46,jasmine
1631,68,46,expo
1632,5,46,svelte
1633,2,46,storybook
1634,4344,46,reactjs
1636,22,46,apollo-client
1638,676,46,redux
1639,292,46,meteor
1640,3,46,gatsby
1643,21,46,koa
1644,212,46,electron
1645,119,46,mocha.js
1646,17,46,mobx
1647,2514,46,typescript
1648,10,46,nuxt.js
1649,32,46,clojurescript
1650,7,45,gatsby
1651,6453,45,angular
1652,598,45,cordova
1653,55,45,vuex
1655,973,45,express
1656,1504,45,react-native
1657,4328,45,reactjs
1658,2732,45,typescript
1659,193,45,ember.js
1660,5,45,reason
1661,38,45,browserify
1662,17,45,apollo-client
1663,324,45,meteor
1664,12,45,nuxt.js
1665,173,45,electron
1666,8,45,preact
1667,9,45,purescript
1668,28,45,clojurescript
1669,15,45,puppeteer
1670,658,45,redux
1671,52,45,expo
1672,32,45,relay
1674,5,45,svelte
1675,936,45,vue.js
1676,27,45,koa
1677,888,45,ionic-framework
1678,1,45,eml
1679,11,45,ava
1680,19,45,next.js
1681,2,45,nwjs
1682,188,45,gulp
1683,11,45,rollupjs
1686,24,45,webdriver-io
1687,27,45,hapijs
1688,132,45,mocha.js
1689,139,45,jasmine
1690,126,45,graphql
1691,2,45,strapi
1692,28,45,mobx
1693,165,45,jestjs
1695,703,45,webpack
1697,3,45,storybook
1698,20,44,relay
1699,13,44,gatsby
1700,3736,44,reactjs
1702,2,44,storybook
1703,598,44,cordova
1704,20,44,koa
1705,44,44,expo
1706,144,44,graphql
1707,5608,44,angular
1708,7,44,next.js
1709,1,44,nwjs
1710,1,44,eml
1711,128,44,mocha.js
1712,27,44,webdriver-io
1713,817,44,ionic-framework
1714,19,44,apollo-client
1716,18,44,nuxt.js
1717,170,44,ember.js
1718,1412,44,react-native
1719,28,44,mobx
1720,19,44,reason
1721,149,44,electron
1722,639,44,webpack
1724,37,44,clojurescript
1726,1031,44,vue.js
1727,145,44,gulp
1728,2449,44,typescript
1729,314,44,meteor
1730,4,44,rollupjs
1731,5,44,preact
1733,849,44,express
1734,10,44,ava
1735,679,44,redux
1736,41,44,puppeteer
1737,98,44,vuex
1738,31,44,hapijs
1739,152,44,jasmine
1740,147,44,jestjs
1741,2,44,svelte
1742,13,44,purescript
1744,20,44,browserify
1745,5,43,nwjs
1746,8,43,purescript
1747,6008,43,angular
1748,939,43,vue.js
1749,27,43,gatsby
1750,537,43,cordova
1751,2428,43,typescript
1752,134,43,graphql
1754,6,43,cypress
1755,144,43,jasmine
1756,115,43,ember.js
1757,804,43,ionic-framework
1758,6,43,nuxt.js
1759,1,43,nestjs
1760,74,43,expo
1762,162,43,jestjs
1763,6,43,preact
1764,20,43,hapijs
1765,3,43,svelte
1766,10,43,next.js
1767,108,43,mocha.js
1768,212,43,meteor
1769,1550,43,react-native
1770,636,43,webpack
1771,10,43,reason
1772,6,43,ava
1773,171,43,gulp
1774,30,43,clojurescript
1775,11,43,koa
1776,12,43,rollupjs
1777,40,43,relay
1778,4156,43,reactjs
1779,22,43,webdriver-io
1780,88,43,vuex
1781,195,43,electron
1782,6,43,quasar-framework
1783,936,43,express
1784,15,43,apollo-client
1785,31,43,browserify
1786,55,43,puppeteer
1788,41,43,mobx
1791,631,43,redux
1793,6332,42,angular
1794,129,42,jasmine
1795,22,42,relay
1796,14,42,cypress
1797,3868,42,reactjs
1798,163,42,jestjs
1799,545,42,cordova
1800,3,42,nwjs
1801,7,42,preact
1802,66,42,expo
1803,18,42,koa
1804,5,42,quasar-framework
1805,620,42,redux
1806,574,42,webpack
1807,17,42,reason
1808,802,42,ionic-framework
1809,1504,42,react-native
1810,28,42,hapijs
1811,18,42,next.js
1813,155,42,graphql
1814,3,42,purescript
1817,18,42,apollo-client
1818,2,42,ava
1819,24,42,nuxt.js
1820,74,42,puppeteer
1821,32,42,mobx
1822,5,42,rollupjs
1823,24,42,clojurescript
1825,2,42,storybook
1826,213,42,meteor
1827,16,42,gatsby
1828,137,42,electron
1831,2595,42,typescript
1832,114,42,vuex
1833,4,42,eml
1834,926,42,express
1835,151,42,gulp
1836,22,42,browserify
1837,26,42,webdriver-io
1838,1016,42,vue.js
1839,105,42,mocha.js
1840,126,42,ember.js
1841,5308,41,angular
1842,149,41,jestjs
1843,9,41,rollupjs
1844,38,41,puppeteer
1845,451,41,cordova
1846,21,41,apollo-client
1847,760,41,express
1848,2241,41,typescript
1849,117,41,jasmine
1850,1,41,strapi
1851,21,41,relay
1852,10,41,reason
1853,549,41,redux
1854,128,41,graphql
1855,138,41,electron
1856,12,41,webdriver-io
1857,2,41,svelte
1858,599,41,webpack
1859,3,41,quasar-framework
1860,2,41,parceljs
1863,165,41,meteor
1864,3654,41,reactjs
1865,18,41,mobx
1866,1446,41,react-native
1867,70,41,vuex
1868,13,41,koa
1869,4,41,nwjs
1871,64,41,expo
1872,3,41,storybook
1873,5,41,preact
1874,879,41,vue.js
1875,109,41,ember.js
1876,27,41,next.js
1877,116,41,gulp
1879,677,41,ionic-framework
1880,88,41,mocha.js
1881,8,41,purescript
1882,11,41,nestjs
1883,4,41,ava
1886,29,41,nuxt.js
1887,33,41,hapijs
1888,23,41,clojurescript
1889,14,41,cypress
1891,9,41,gatsby
1892,15,41,browserify
1893,7,40,purescript
1894,479,40,cordova
1895,14,40,relay
1896,9,40,storybook
1897,13,40,koa
1898,25,40,next.js
1899,148,40,gulp
1900,63,40,expo
1901,2598,40,typescript
1902,616,40,webpack
1903,4,40,nwjs
1904,4407,40,reactjs
1905,106,40,mocha.js
1906,31,40,nuxt.js
1907,5,40,svelte
1908,37,40,apollo-client
1909,9,40,preact
1910,22,40,clojurescript
1911,14,40,browserify
1912,2,40,strapi
1913,629,40,redux
1915,178,40,electron
1916,7,40,rollupjs
1917,6148,40,angular
1918,80,40,puppeteer
1919,1747,40,react-native
1920,4,40,eml
1921,18,40,webdriver-io
1922,5,40,cypress
1923,44,40,mobx
1924,205,40,graphql
1925,4,40,parceljs
1926,1017,40,vue.js
1927,758,40,ionic-framework
1930,193,40,jestjs
1932,81,40,vuex
1933,130,40,jasmine
1934,31,40,hapijs
1936,174,40,meteor
1937,1015,40,express
1938,109,40,ember.js
1940,1,40,ava
1941,31,40,gatsby
1942,1,40,quasar-framework
1943,16,40,reason
1944,4,40,nestjs
1945,709,39,ionic-framework
1946,6,39,ava
1947,7,39,parceljs
1948,150,39,electron
1949,2513,39,typescript
1950,639,39,webpack
1951,14,39,nestjs
1952,4120,39,reactjs
1953,1386,39,react-native
1954,5665,39,angular
1955,21,39,next.js
1956,15,39,cypress
1957,32,39,apollo-client
1958,179,39,jestjs
1959,5,39,koa
1960,4,39,nwjs
1962,27,39,reason
1963,392,39,cordova
1964,131,39,meteor
1965,2,39,svelte
1966,22,39,purescript
1968,97,39,ember.js
1969,1,39,eml
1970,145,39,jasmine
1971,39,39,nuxt.js
1972,75,39,vuex
1973,99,39,mocha.js
1974,13,39,rollupjs
1975,1004,39,express
1977,3,39,storybook
1978,1148,39,vue.js
1979,33,39,clojurescript
1980,2,39,quasar-framework
1981,56,39,gatsby
1982,4,39,strapi
1984,42,39,expo
1985,12,39,browserify
1986,29,39,hapijs
1987,6,39,relay
1989,131,39,gulp
1990,64,39,puppeteer
1991,16,39,webdriver-io
1993,160,39,graphql
1994,6,39,preact
1995,27,39,mobx
1996,532,39,redux
1998,4,38,storybook
1999,154,38,electron
2000,3,38,strapi
2001,4,38,rollupjs
2002,31,38,next.js
2003,4,38,nwjs
2004,536,38,cordova
2005,79,38,expo
2006,5034,38,reactjs
2007,6409,38,angular
2008,754,38,webpack
2009,3,38,quasar-framework
2010,23,38,koa
2012,13,38,relay
2013,18,38,hapijs
2014,21,38,webdriver-io
2015,16,38,purescript
2016,208,38,jestjs
2020,1828,38,react-native
2021,4,38,ava
2022,2,38,eml
2023,829,38,ionic-framework
2024,1469,38,vue.js
2025,134,38,vuex
2027,27,38,gatsby
2028,32,38,apollo-client
2030,1,38,parceljs
2031,15,38,cypress
2032,65,38,puppeteer
2033,127,38,ember.js
2034,6,38,preact
2035,14,38,browserify
2036,112,38,mocha.js
2037,139,38,jasmine
2038,8,38,nestjs
2039,30,38,mobx
2040,36,38,nuxt.js
2041,1022,38,express
2042,711,38,redux
2043,9,38,svelte
2044,175,38,graphql
2045,173,38,meteor
2046,24,38,clojurescript
2047,146,38,gulp
2048,3008,38,typescript
2049,18,38,reason
2050,449,37,cordova
2051,23,37,webdriver-io
2052,2,37,rollupjs
2053,7,37,quasar-framework
2054,67,37,puppeteer
2055,4909,37,reactjs
2056,7,37,storybook
2059,1007,37,express
2060,1342,37,vue.js
2061,114,37,vuex
2062,23,37,next.js
2063,133,37,jasmine
2064,222,37,graphql
2065,825,37,ionic-framework
2066,23,37,nestjs
2067,616,37,redux
2068,708,37,webpack
2069,13,37,browserify
2070,33,37,cypress
2071,86,37,mocha.js
2072,78,37,expo
2073,157,37,electron
2074,10,37,reason
2075,6362,37,angular
2076,111,37,ember.js
2077,1766,37,react-native
2078,34,37,clojurescript
2080,11,37,relay
2081,4,37,nwjs
2082,34,37,nuxt.js
2083,3,37,parceljs
2084,1,37,strapi
2086,1,37,xstate
2087,43,37,gatsby
2088,139,37,meteor
2091,4,37,preact
2092,203,37,jestjs
2093,47,37,mobx
2094,16,37,koa
2095,2823,37,typescript
2096,9,37,ava
2097,134,37,gulp
2098,15,37,hapijs
2099,11,37,purescript
2100,35,37,apollo-client
2101,9,37,svelte
2102,11,36,preact
2103,1306,36,vue.js
2104,22,36,nestjs
2105,72,36,puppeteer
2106,650,36,redux
2107,14,36,rollupjs
2108,50,36,nuxt.js
2109,762,36,ionic-framework
2110,15,36,browserify
2111,5,36,ava
2112,19,36,webdriver-io
2113,112,36,ember.js
2114,5,36,lit-element
2115,721,36,webpack
2116,19,36,clojurescript
2117,107,36,vuex
2119,27,36,hapijs
2120,1036,36,express
2121,6,36,nwjs
2122,5142,36,reactjs
2123,134,36,jasmine
2124,2,36,parceljs
2125,66,36,expo
2126,1836,36,react-native
2127,6729,36,angular
2128,18,36,reason
2129,9,36,quasar-framework
2130,10,36,relay
2131,235,36,jestjs
2132,22,36,next.js
2133,1,36,capacitor
2134,36,36,gatsby
2135,7,36,strapi
2136,19,36,koa
2138,38,36,mobx
2139,32,36,cypress
2141,161,36,electron
2143,13,36,purescript
2145,116,36,meteor
2146,108,36,gulp
2147,395,36,cordova
2148,4,36,storybook
2149,2781,36,typescript
2150,43,36,apollo-client
2151,84,36,mocha.js
2152,200,36,graphql
2153,6,36,svelte
2154,1,35,capacitor
2155,10,35,browserify
2156,222,35,jestjs
2157,924,35,express
2158,93,35,mocha.js
2159,2,35,lit-element
2160,1765,35,react-native
2161,100,35,ember.js
2162,4,35,parceljs
2163,6205,35,angular
2164,650,35,webpack
2165,126,35,vuex
2166,16,35,reason
2167,6,35,svelte
2168,364,35,cordova
2170,12,35,preact
2171,718,35,ionic-framework
2172,11,35,clojurescript
2173,136,35,meteor
2174,2737,35,typescript
2175,113,35,gulp
2176,65,35,nuxt.js
2177,1,35,ava
2178,4925,35,reactjs
2179,8,35,nwjs
2180,5,35,relay
2182,21,35,apollo-client
2184,25,35,next.js
2185,1339,35,vue.js
2186,1,35,eml
2187,30,35,gatsby
2188,104,35,puppeteer
2189,64,35,expo
2190,5,35,storybook
2191,5,35,purescript
2192,30,35,nestjs
2193,1,35,stimulusjs
2195,38,35,cypress
2196,616,35,redux
2197,8,35,rollupjs
2198,18,35,webdriver-io
2199,164,35,electron
2201,10,35,hapijs
2202,18,35,koa
2204,186,35,graphql
2205,7,35,quasar-framework
2206,24,35,mobx
2207,5,35,strapi
2208,133,35,jasmine
2209,6521,34,angular
2210,210,34,graphql
2211,5,34,relay
2212,5441,34,reactjs
2213,101,34,gulp
2214,81,34,expo
2215,2,34,stimulusjs
2216,37,34,next.js
2217,1050,34,express
2218,249,34,jestjs
2219,174,34,electron
2220,4,34,parceljs
2221,123,34,mocha.js
2222,19,34,hapijs
2223,93,34,ember.js
2224,18,34,koa
2225,4,34,preact
2226,642,34,webpack
2227,11,34,browserify
2228,394,34,cordova
2229,4,34,purescript
2230,1917,34,react-native
2232,80,34,nuxt.js
2233,29,34,webdriver-io
2234,4,34,strapi
2235,707,34,ionic-framework
2236,3,34,capacitor
2237,2892,34,typescript
2238,3,34,ava
2240,34,34,clojurescript
2241,144,34,jasmine
2242,9,34,rollupjs
2243,3,34,quasar-framework
2244,30,34,cypress
2245,42,34,mobx
2246,39,34,apollo-client
2247,149,34,vuex
2249,6,34,svelte
2250,1483,34,vue.js
2251,3,34,lit-element
2252,115,34,puppeteer
2254,1,34,eml
2255,643,34,redux
2256,25,34,nestjs
2258,15,34,reason
2259,50,34,gatsby
2261,4,34,storybook
2262,124,34,meteor
2263,59,33,cypress
2264,88,33,gulp
2265,151,33,puppeteer
2266,28,33,webdriver-io
2267,330,33,cordova
2268,239,33,graphql
2269,3,33,ava
2270,86,33,nuxt.js
2271,8,33,purescript
2272,1936,33,react-native
2273,110,33,ember.js
2274,1007,33,express
2275,1600,33,vue.js
2277,1,33,stimulusjs
2278,40,33,nestjs
2279,736,33,webpack
2280,5,33,svelte
2281,7,33,quasar-framework
2282,5862,33,reactjs
2283,275,33,jestjs
2284,2,33,nwjs
2285,100,33,meteor
2286,37,33,next.js
2287,12,33,strapi
2288,61,33,gatsby
2289,130,33,vuex
2290,8,33,reason
2291,6889,33,angular
2292,14,33,relay
2293,23,33,hapijs
2295,148,33,jasmine
2296,40,33,mobx
2297,7,33,rollupjs
2298,10,33,koa
2299,5,33,capacitor
2300,43,33,apollo-client
2301,2,33,eml
2303,793,33,ionic-framework
2304,15,33,browserify
2305,5,33,storybook
2306,4,33,parceljs
2307,93,33,expo
2308,647,33,redux
2310,25,33,clojurescript
2311,11,33,preact
2312,3244,33,typescript
2314,114,33,mocha.js
2315,167,33,electron
2316,6,33,lit-element
2317,4,32,preact
2318,108,32,puppeteer
2319,3049,32,typescript
2320,150,32,jasmine
2321,680,32,redux
2322,6,32,lit-element
2323,51,32,next.js
2324,5,32,ava
2325,52,32,gatsby
2326,50,32,cypress
2327,337,32,cordova
2328,6,32,strapi
2329,8,32,relay
2332,11,32,rollupjs
2334,11,32,quasar-framework
2335,611,32,webpack
2336,14,32,hapijs
2337,5850,32,reactjs
2338,190,32,electron
2339,121,32,nuxt.js
2340,88,32,expo
2341,5,32,parceljs
2342,664,32,ionic-framework
2344,1541,32,vue.js
2345,20,32,webdriver-io
2347,1,32,xstate
2348,965,32,express
2349,116,32,mocha.js
2350,2,32,nwjs
2351,13,32,clojurescript
2352,3,32,purescript
2353,27,32,apollo-client
2354,93,32,gulp
2355,2112,32,react-native
2356,110,32,meteor
2357,10,32,storybook
2358,9,32,browserify
2359,24,32,nestjs
2360,6154,32,angular
2361,2,32,eml
2362,3,32,capacitor
2363,258,32,graphql
2364,2,32,fastify
2366,2,32,svelte
2367,19,32,koa
2368,278,32,jestjs
2369,5,32,reason
2370,21,32,mobx
2371,145,32,vuex
2372,87,32,ember.js
2373,108,31,jasmine
2374,5,31,rollupjs
2375,670,31,ionic-framework
2376,17,31,parceljs
2377,6001,31,reactjs
2378,11,31,relay
2379,303,31,cordova
2380,51,31,nestjs
2381,6789,31,angular
2382,303,31,jestjs
2383,113,31,expo
2384,4,31,capacitor
2385,687,31,redux
2386,4,31,eml
2387,104,31,ember.js
2388,11,31,reason
2389,19,31,browserify
2390,602,31,webpack
2392,73,31,next.js
2394,7,31,storybook
2395,1,31,nwjs
2398,36,31,apollo-client
2399,5,31,quasar-framework
2400,116,31,nuxt.js
2401,40,31,mobx
2403,79,31,meteor
2404,51,31,cypress
2405,10,31,preact
2406,237,31,graphql
2407,1045,31,express
2408,15,31,clojurescript
2409,111,31,mocha.js
2410,12,31,strapi
2411,169,31,electron
2412,148,31,puppeteer
2413,3,31,lit-element
2414,10,31,hapijs
2415,157,31,vuex
2417,123,31,gulp
2418,1,31,ava
2419,2,31,svelte
2420,11,31,koa
2421,3314,31,typescript
2422,1671,31,vue.js
2423,4,31,purescript
2424,27,31,webdriver-io
2425,66,31,gatsby
2426,2104,31,react-native
2427,5831,30,angular
2428,191,30,electron
2429,3,30,rollupjs
2430,870,30,express
2431,8,30,reason
2432,5,30,nwjs
2433,78,30,meteor
2434,12,30,koa
2435,303,30,jestjs
2436,576,30,ionic-framework
2437,217,30,graphql
2438,2,30,preact
2439,471,30,webpack
2440,1902,30,react-native
2441,9,30,storybook
2442,84,30,nuxt.js
2443,56,30,cypress
2444,7,30,lit-element
2445,7,30,quasar-framework
2446,9,30,parceljs
2447,13,30,purescript
2448,297,30,cordova
2450,5328,30,reactjs
2451,6,30,strapi
2452,20,30,browserify
2453,145,30,vuex
2454,117,30,jasmine
2455,1,30,eml
2456,9,30,relay
2457,101,30,puppeteer
2458,15,30,clojurescript
2460,25,30,mobx
2461,24,30,apollo-client
2462,10,30,webdriver-io
2463,2,30,capacitor
2464,99,30,gulp
2465,11,30,hapijs
2466,62,30,next.js
2467,92,30,ember.js
2468,3,30,svelte
2469,1540,30,vue.js
2471,121,30,expo
2472,60,30,gatsby
2473,2,30,fastify
2475,581,30,redux
2476,46,30,nestjs
2477,2789,30,typescript
2479,94,30,mocha.js
2480,20,29,mobx
2481,51,29,ember.js
2482,277,29,cordova
2483,169,29,electron
2484,4,29,storybook
2485,63,29,meteor
2486,46,29,nestjs
2487,489,29,ionic-framework
2488,5078,29,reactjs
2489,5440,29,angular
2490,15,29,clojurescript
2491,9,29,browserify
2492,24,29,apollo-client
2493,899,29,express
2494,1780,29,react-native
2495,2,29,nwjs
2496,6,29,lit-element
2497,523,29,webpack
2498,91,29,nuxt.js
2499,77,29,cypress
2500,581,29,redux
2501,1,29,fastify
2502,7,29,relay
2504,6,29,preact
2505,112,29,jasmine
2506,14,29,koa
2507,125,29,vuex
2508,27,29,webdriver-io
2509,126,29,expo
2510,59,29,next.js
2511,3,29,capacitor
2512,1,29,parceljs
2513,244,29,jestjs
2516,236,29,graphql
2517,2,29,ava
2518,13,29,reason
2519,58,29,puppeteer
2520,2679,29,typescript
2521,1506,29,vue.js
2522,2,29,eml
2523,9,29,quasar-framework
2524,106,29,gulp
2525,10,29,hapijs
2527,3,29,rollupjs
2528,1,29,svelte
2529,2,29,purescript
2530,90,29,mocha.js
2531,21,29,strapi
2532,62,29,gatsby
2533,12,28,hapijs
2534,151,28,jasmine
2535,95,28,next.js
2536,2,28,nwjs
2537,276,28,graphql
2538,5,28,svelte
2539,6124,28,reactjs
2540,995,28,express
2541,340,28,jestjs
2542,16,28,browserify
2543,126,28,nuxt.js
2544,57,28,ember.js
2545,4,28,relay
2546,126,28,gulp
2547,11,28,koa
2548,139,28,vuex
2549,2205,28,react-native
2550,5949,28,angular
2552,17,28,quasar-framework
2553,316,28,cordova
2554,15,28,lit-element
2555,16,28,webdriver-io
2556,162,28,electron
2557,1791,28,vue.js
2559,12,28,clojurescript
2561,44,28,apollo-client
2563,5,28,capacitor
2564,97,28,meteor
2565,16,28,strapi
2566,79,28,gatsby
2567,7,28,parceljs
2568,1,28,ava
2569,8,28,rollupjs
2570,606,28,redux
2571,64,28,nestjs
2572,699,28,ionic-framework
2573,18,28,storybook
2574,1,28,purescript
2575,92,28,puppeteer
2576,192,28,expo
2577,575,28,webpack
2578,33,28,mobx
2579,8,28,reason
2580,6,28,preact
2581,2,28,eml
2583,3167,28,typescript
2584,76,28,cypress
2585,101,28,mocha.js
2587,9,27,parceljs
2588,1,27,purescript
2589,282,27,cordova
2590,369,27,jestjs
2591,75,27,nestjs
2592,86,27,next.js
2593,623,27,ionic-framework
2594,143,27,vuex
2595,6249,27,angular
2597,2186,27,react-native
2598,1793,27,vue.js
2600,108,27,cypress
2601,107,27,gatsby
2602,61,27,meteor
2603,125,27,jasmine
2604,507,27,webpack
2606,18,27,hapijs
2607,28,27,webdriver-io
2608,18,27,clojurescript
2609,42,27,mobx
2610,9,27,relay
2611,18,27,preact
2612,116,27,nuxt.js
2613,8,27,browserify
2614,9,27,capacitor
2615,3315,27,typescript
2616,4,27,quasar-framework
2617,165,27,electron
2618,2,27,eml
2619,6194,27,reactjs
2620,268,27,graphql
2621,1,27,nwjs
2622,8,27,strapi
2624,39,27,apollo-client
2625,17,27,lit-element
2626,1,27,ava
2627,7,27,reason
2628,107,27,puppeteer
2629,2,27,svelte
2630,7,27,storybook
2631,9,27,fastify
2632,4,27,rollupjs
2633,96,27,gulp
2635,1010,27,express
2636,171,27,expo
2637,21,27,koa
2638,90,27,ember.js
2639,3,27,xstate
2640,574,27,redux
2641,95,27,mocha.js
2642,1,26,eml
2643,26,26,strapi
2644,311,26,cordova
2645,175,26,vuex
2646,3259,26,typescript
2647,125,26,jasmine
2648,111,26,next.js
2649,2,26,stimulusjs
2650,2278,26,react-native
2651,7,26,rollupjs
2652,12,26,parceljs
2653,6,26,quasar-framework
2654,48,26,apollo-client
2655,177,26,expo
2656,11,26,reason
2657,100,26,ember.js
2658,13,26,relay
2659,6573,26,angular
2661,256,26,electron
2662,111,26,gulp
2663,2,26,ava
2665,10,26,capacitor
2666,12,26,storybook
2667,401,26,jestjs
2668,11,26,koa
2669,748,26,ionic-framework
2670,3,26,svelte
2671,2058,26,vue.js
2672,4,26,fastify
2674,12,26,webdriver-io
2675,4,26,purescript
2676,143,26,nuxt.js
2677,12,26,browserify
2678,107,26,mocha.js
2679,23,26,hapijs
2680,16,26,clojurescript
2681,7,26,nwjs
2682,4,26,preact
2683,573,26,webpack
2684,82,26,nestjs
2685,160,26,puppeteer
2686,101,26,gatsby
2687,1083,26,express
2688,299,26,graphql
2689,6920,26,reactjs
2690,691,26,redux
2691,68,26,meteor
2693,147,26,cypress
2694,24,26,lit-element
2695,57,26,mobx
2696,11,25,capacitor
2697,224,25,electron
2698,1782,25,vue.js
2699,5,25,rollupjs
2700,3211,25,typescript
2701,628,25,redux
2702,275,25,cordova
2703,656,25,ionic-framework
2704,4,25,eml
2705,15,25,lit-element
2706,498,25,webpack
2707,8,25,quasar-framework
2708,148,25,puppeteer
2710,32,25,apollo-client
2711,5,25,ava
2712,15,25,webdriver-io
2713,13,25,browserify
2714,7,25,strapi
2715,7,25,relay
2716,83,25,nestjs
2717,5982,25,angular
2719,188,25,expo
2720,6315,25,reactjs
2722,316,25,jestjs
2723,133,25,vuex
2724,12,25,parceljs
2725,47,25,mobx
2726,254,25,graphql
2727,63,25,meteor
2728,15,25,storybook
2729,108,25,gatsby
2730,2216,25,react-native
2731,68,25,ember.js
2732,12,25,reason
2733,15,25,preact
2734,93,25,mocha.js
2735,15,25,hapijs
2736,151,25,nuxt.js
2737,15,25,purescript
2738,88,25,next.js
2739,1018,25,express
2740,13,25,koa
2741,89,25,cypress
2742,11,25,clojurescript
2743,3,25,fastify
2745,90,25,jasmine
2747,102,25,gulp
2748,11,25,svelte
2750,16,24,preact
2751,13,24,capacitor
2752,13,24,relay
2753,3,24,eml
2754,6386,24,reactjs
2755,100,24,next.js
2756,38,24,lit-element
2758,23,24,svelte
2759,259,24,cordova
2760,11,24,browserify
2761,84,24,ember.js
2762,1018,24,express
2763,93,24,cypress
2764,71,24,gulp
2765,299,24,graphql
2766,3349,24,typescript
2767,527,24,webpack
2768,537,24,ionic-framework
2769,1741,24,vue.js
2770,4,24,fastify
2771,142,24,puppeteer
2772,12,24,mobx
2773,53,24,meteor
2774,104,24,mocha.js
2776,1974,24,react-native
2777,13,24,hapijs
2778,10,24,koa
2779,4,24,reason
2780,3,24,nwjs
2781,147,24,vuex
2782,6,24,purescript
2783,118,24,nuxt.js
2784,12,24,quasar-framework
2785,7,24,storybook
2786,479,24,redux
2787,14,24,clojurescript
2789,156,24,expo
2790,87,24,jasmine
2792,210,24,electron
2793,12,24,strapi
2794,23,24,webdriver-io
2795,3,24,ava
2797,345,24,jestjs
2798,112,24,gatsby
2799,6,24,rollupjs
2800,81,24,nestjs
2801,1,24,stimulusjs
2802,16,24,parceljs
2803,45,24,apollo-client
2804,5943,24,angular
2805,5738,23,angular
2806,6,23,purescript
2807,59,23,nestjs
2808,6034,23,reactjs
2809,487,23,redux
2810,9,23,hapijs
2811,12,23,parceljs
2812,116,23,puppeteer
2813,7,23,storybook
2814,250,23,cordova
2815,14,23,koa
2816,54,23,ember.js
2817,17,23,lit-element
2818,4,23,ava
2820,46,23,meteor
2821,2,23,eml
2822,508,23,webpack
2823,5,23,relay
2824,4,23,nwjs
2826,97,23,cypress
2827,3092,23,typescript
2828,157,23,electron
2829,1947,23,react-native
2830,10,23,rollupjs
2831,2,23,fastify
2832,9,23,capacitor
2834,282,23,jestjs
2835,114,23,nuxt.js
2836,195,23,expo
2837,12,23,browserify
2838,1721,23,vue.js
2839,6,23,xstate
2840,160,23,vuex
2841,29,23,mobx
2842,24,23,strapi
2843,79,23,next.js
2844,552,23,ionic-framework
2847,936,23,express
2848,11,23,quasar-framework
2849,81,23,mocha.js
2850,92,23,jasmine
2851,23,23,clojurescript
2852,9,23,preact
2853,6,23,reason
2854,22,23,apollo-client
2856,47,23,svelte
2857,14,23,webdriver-io
2858,94,23,gulp
2859,230,23,graphql
2860,101,23,gatsby
2861,544,22,webpack
2862,7,22,browserify
2863,23,22,storybook
2864,3,22,fastify
2865,12,22,relay
2866,3,22,nwjs
2867,589,22,redux
2868,1,22,stimulusjs
2869,296,22,jestjs
2870,6094,22,angular
2871,6832,22,reactjs
2872,168,22,vuex
2873,2503,22,react-native
2876,3,22,ava
2877,29,22,strapi
2878,8,22,lit-element
2879,2,22,eml
2881,317,22,cordova
2883,99,22,next.js
2884,728,22,ionic-framework
2885,21,22,webdriver-io
2886,35,22,mobx
2887,295,22,graphql
2888,8,22,quasar-framework
2889,7,22,parceljs
2890,198,22,electron
2891,14,22,koa
2892,998,22,express
2893,19,22,capacitor
2894,93,22,gulp
2896,11,22,rollupjs
2897,13,22,preact
2898,6,22,purescript
2899,3345,22,typescript
2900,45,22,meteor
2901,37,22,apollo-client
2903,122,22,puppeteer
2904,61,22,ember.js
2905,89,22,nestjs
2906,58,22,svelte
2907,22,22,clojurescript
2908,15,22,hapijs
2909,142,22,nuxt.js
2910,111,22,cypress
2911,11,22,reason
2912,1960,22,vue.js
2913,3,22,xstate
2914,127,22,gatsby
2915,93,22,mocha.js
2916,214,22,expo
2917,106,22,jasmine
2918,1006,21,express
2919,13,21,rollupjs
2920,172,21,vuex
2921,22,21,capacitor
2922,122,21,jasmine
2923,21,21,storybook
2924,279,21,cordova
2925,10,21,koa
2926,10,21,fastify
2927,479,21,webpack
2928,14,21,browserify
2930,7190,21,reactjs
2931,326,21,graphql
2932,2,21,stimulusjs
2933,40,21,clojurescript
2934,20,21,webdriver-io
2935,411,21,jestjs
2936,186,21,electron
2938,5,21,parceljs
2939,46,21,meteor
2940,632,21,ionic-framework
2941,104,21,next.js
2942,605,21,redux
2943,1965,21,vue.js
2945,94,21,cypress
2946,71,21,mocha.js
2947,4,21,eml
2948,2534,21,react-native
2949,160,21,puppeteer
2950,2,21,preact
2951,28,21,strapi
2952,7,21,relay
2953,5,21,reason
2954,108,21,gatsby
2956,11,21,quasar-framework
2957,192,21,nuxt.js
2958,2,21,purescript
2959,48,21,ember.js
2960,50,21,svelte
2962,5486,21,angular
2963,10,21,hapijs
2964,3190,21,typescript
2965,103,21,nestjs
2966,32,21,mobx
2967,37,21,apollo-client
2968,75,21,gulp
2969,216,21,expo
2970,30,21,lit-element
2971,70,20,svelte
2972,98,20,jasmine
2973,6,20,fastify
2974,8,20,quasar-framework
2975,321,20,graphql
2976,11,20,rollupjs
2977,145,20,nuxt.js
2978,6929,20,reactjs
2979,6,20,preact
2980,38,20,strapi
2981,93,20,nestjs
2982,166,20,puppeteer
2983,237,20,cordova
2985,73,20,mocha.js
2986,559,20,ionic-framework
2988,5877,20,angular
2989,12,20,webdriver-io
2990,44,20,ember.js
2991,1,20,nwjs
2992,4,20,purescript
2993,1,20,xstate
2994,148,20,vuex
2995,4,20,browserify
2996,114,20,cypress
2997,909,20,express
2998,2,20,stimulusjs
2999,11,20,relay
3000,1877,20,vue.js
3001,7,20,parceljs
3002,169,20,expo
3003,2173,20,react-native
3004,494,20,jestjs
3005,16,20,koa
3006,157,20,electron
3008,478,20,webpack
3009,113,20,next.js
3010,43,20,meteor
3011,1,20,eml
3012,3,20,ava
3013,31,20,clojurescript
3014,14,20,capacitor
3015,27,20,lit-element
3016,16,20,hapijs
3017,3213,20,typescript
3018,7,20,storybook
3020,62,20,apollo-client
3022,108,20,gatsby
3023,4,20,reason
3024,561,20,redux
3025,30,20,mobx
3026,64,20,gulp
3027,4,19,parceljs
3028,99,19,puppeteer
3029,522,19,webpack
3030,3,19,relay
3031,119,19,nestjs
3032,93,19,gulp
3033,22,19,clojurescript
3034,104,19,jasmine
3035,3386,19,typescript
3036,131,19,cypress
3037,189,19,nuxt.js
3038,134,19,vuex
3039,76,19,mocha.js
3040,61,19,svelte
3041,2241,19,react-native
3042,332,19,jestjs
3043,26,19,storybook
3044,5,19,browserify
3045,271,19,cordova
3046,48,19,meteor
3047,48,19,apollo-client
3048,4,19,purescript
3049,121,19,next.js
3050,3,19,ava
3051,7383,19,reactjs
3052,603,19,ionic-framework
3053,3,19,xstate
3054,5,19,fastify
3055,1,19,eml
3056,159,19,gatsby
3057,25,19,webdriver-io
3058,6130,19,angular
3059,9,19,preact
3060,3,19,nwjs
3062,993,19,express
3063,649,19,redux
3065,8,19,reason
3066,13,19,hapijs
3068,25,19,capacitor
3069,309,19,graphql
3070,227,19,expo
3071,12,19,koa
3072,205,19,electron
3073,2039,19,vue.js
3074,21,19,lit-element
3075,7,19,rollupjs
3076,15,19,mobx
3077,22,19,strapi
3078,15,19,quasar-framework
3079,58,19,ember.js
3080,1,19,stimulusjs
3081,4,18,preact
3082,309,18,graphql
3083,12,18,quasar-framework
3084,115,18,next.js
3085,1,18,purescript
3086,9,18,hapijs
3087,4,18,stimulusjs
3088,10,18,reason
3089,6492,18,angular
3090,14,18,rollupjs
3091,604,18,ionic-framework
3092,7,18,parceljs
3093,144,18,gatsby
3094,1,18,ava
3096,122,18,nestjs
3097,145,18,jasmine
3098,516,18,webpack
3099,10,18,fastify
3100,17,18,capacitor
3101,12,18,lit-element
3102,227,18,expo
3103,1,18,nwjs
3104,140,18,puppeteer
3105,26,18,webdriver-io
3106,46,18,apollo-client
3107,181,18,electron
3108,7515,18,reactjs
3109,67,18,gulp
3110,2446,18,react-native
3111,266,18,cordova
3112,129,18,cypress
3113,71,18,svelte
3114,400,18,jestjs
3115,149,18,vuex
3116,176,18,nuxt.js
3117,3698,18,typescript
3118,37,18,strapi
3119,55,18,ember.js
3120,17,18,koa
3121,26,18,mobx
3122,1948,18,vue.js
3123,996,18,express
3124,6,18,xstate
3125,90,18,mocha.js
3126,3,18,eml
3127,7,18,relay
3128,24,18,clojurescript
3130,29,18,storybook
3131,9,18,browserify
3132,57,18,meteor
3133,536,18,redux
3135,489,17,webpack
3136,148,17,gatsby
3137,134,17,puppeteer
3138,11,17,fastify
3139,365,17,jestjs
3140,54,17,apollo-client
3141,211,17,expo
3142,3387,17,typescript
3143,5,17,purescript
3144,178,17,electron
3145,13,17,rollupjs
3146,22,17,webdriver-io
3147,1937,17,vue.js
3148,2,17,nwjs
3149,12,17,hapijs
3150,139,17,next.js
3151,112,17,cypress
3152,7,17,browserify
3153,23,17,quasar-framework
3154,970,17,express
3155,5545,17,angular
3157,3,17,stimulusjs
3158,126,17,nestjs
3159,33,17,strapi
3160,22,17,mobx
3161,38,17,ember.js
3162,7,17,reason
3163,108,17,jasmine
3164,203,17,cordova
3165,5,17,ava
3166,8,17,relay
3167,120,17,vuex
3168,16,17,lit-element
3169,16,17,capacitor
3171,479,17,ionic-framework
3173,15,17,storybook
3174,6,17,parceljs
3175,41,17,meteor
3176,63,17,gulp
3177,6945,17,reactjs
3178,14,17,koa
3179,4,17,eml
3180,259,17,graphql
3183,100,17,mocha.js
3184,2256,17,react-native
3185,172,17,nuxt.js
3186,72,17,svelte
3187,23,17,clojurescript
3188,9,17,preact
3189,5,17,xstate
3190,531,17,redux
3191,83,16,mocha.js
3192,55,16,ember.js
3193,193,16,cordova
3194,26,16,quasar-framework
3195,6,16,relay
3196,230,16,expo
3197,196,16,next.js
3198,228,16,electron
3199,3348,16,typescript
3200,502,16,webpack
3202,530,16,ionic-framework
3203,17,16,webdriver-io
3204,13,16,hapijs
3205,5,16,reason
3206,25,16,mobx
3207,3,16,eml
3208,2,16,stimulusjs
3210,163,16,vuex
3211,8174,16,reactjs
3212,37,16,meteor
3213,231,16,nuxt.js
3214,25,16,lit-element
3215,54,16,svelte
3216,3,16,purescript
3217,12,16,xstate
3218,129,16,cypress
3219,566,16,redux
3220,8,16,fastify
3221,22,16,clojurescript
3222,25,16,capacitor
3223,163,16,gatsby
3224,2163,16,vue.js
3225,2404,16,react-native
3226,9,16,browserify
3227,19,16,koa
3228,1226,16,express
3229,8,16,parceljs
3230,73,16,gulp
3231,352,16,graphql
3232,24,16,strapi
3233,22,16,storybook
3234,180,16,puppeteer
3235,5,16,playwright
3236,2,16,ava
3237,3,16,preact
3239,42,16,apollo-client
3240,433,16,jestjs
3241,123,16,nestjs
3243,10,16,rollupjs
3244,5263,16,angular
3245,111,16,jasmine
3246,5785,15,angular
3247,9,15,rollupjs
3248,207,15,expo
3249,195,15,next.js
3250,27,15,lit-element
3251,3,15,eml
3252,41,15,ember.js
3253,2,15,snowpack
3254,160,15,cypress
3255,518,15,webpack
3256,31,15,quasar-framework
3257,205,15,nuxt.js
3258,7849,15,reactjs
3259,352,15,jestjs
3260,2,15,nwjs
3261,24,15,webdriver-io
3262,502,15,ionic-framework
3263,54,15,apollo-client
3265,118,15,puppeteer
3266,549,15,redux
3267,2320,15,react-native
3268,191,15,cordova
3269,2,15,xstate
3271,7,15,relay
3272,198,15,electron
3273,5,15,parceljs
3275,41,15,strapi
3277,5,15,playwright
3278,5,15,preact
3279,314,15,graphql
3280,1085,15,express
3281,3605,15,typescript
3282,3,15,testing-library
3283,25,15,storybook
3284,37,15,meteor
3285,29,15,capacitor
3286,90,15,jasmine
3287,14,15,hapijs
3288,17,15,fastify
3290,19,15,mobx
3291,3,15,ava
3292,171,15,vuex
3293,136,15,nestjs
3294,13,15,browserify
3295,2020,15,vue.js
3296,174,15,gatsby
3297,24,15,clojurescript
3298,80,15,gulp
3299,6,15,reason
3300,1,15,purescript
3302,86,15,mocha.js
3303,16,15,koa
3304,67,15,svelte
3305,10,14,preact
3306,368,14,jestjs
3307,74,14,svelte
3308,320,14,graphql
3309,2,14,xstate
3310,3,14,alpine.js
3311,179,14,cordova
3312,8348,14,reactjs
3313,31,14,webdriver-io
3314,127,14,cypress
3315,10,14,lit-element
3316,27,14,quasar-framework
3317,516,14,redux
3318,1,14,testing-library
3319,10,14,relay
3320,38,14,storybook
3321,126,14,jasmine
3322,2,14,romejs
3323,488,14,ionic-framework
3324,200,14,vuex
3325,49,14,clojurescript
3326,212,14,next.js
3327,3,14,nwjs
3328,2,14,playwright
3329,5178,14,angular
3330,5,14,purescript
3331,69,14,gulp
3332,20,14,rollupjs
3333,185,14,nuxt.js
3334,479,14,webpack
3335,2220,14,react-native
3336,40,14,ember.js
3337,14,14,parceljs
3338,159,14,puppeteer
3339,21,14,mobx
3340,1,14,stimulusjs
3342,54,14,apollo-client
3343,4,14,browserify
3344,52,14,meteor
3346,37,14,strapi
3347,156,14,gatsby
3348,7,14,hapijs
3349,10,14,koa
3350,2140,14,vue.js
3351,210,14,electron
3352,7,14,ava
3353,7,14,fastify
3354,27,14,capacitor
3355,1154,14,express
3357,179,14,nestjs
3358,209,14,expo
3359,73,14,mocha.js
3360,3403,14,typescript
3361,13,14,reason
3362,10635,13,reactjs
3363,104,13,jasmine
3364,12,13,alpine.js
3365,523,13,ionic-framework
3366,5824,13,angular
3367,1,13,ava
3368,2922,13,react-native
3370,706,13,redux
3372,198,13,cordova
3373,139,13,cypress
3374,392,13,graphql
3375,17,13,hapijs
3376,38,13,clojurescript
3378,16,13,lit-element
3379,18,13,rollupjs
3380,264,13,nuxt.js
3381,191,13,puppeteer
3382,31,13,storybook
3383,57,13,meteor
3384,5,13,xstate
3385,2,13,stimulusjs
3386,38,13,mobx
3387,56,13,strapi
3388,12,13,koa
3389,10,13,browserify
3390,4,13,eml
3391,7,13,fastify
3392,269,13,next.js
3393,40,13,capacitor
3394,93,13,svelte
3395,2554,13,vue.js
3396,212,13,nestjs
3397,232,13,electron
3398,6,13,playwright
3399,1426,13,express
3401,1,13,nwjs
3402,205,13,gatsby
3403,3,13,purescript
3404,8,13,reason
3405,19,13,quasar-framework
3406,39,13,apollo-client
3407,299,13,expo
3408,9,13,relay
3409,251,13,vuex
3410,4150,13,typescript
3411,61,13,ember.js
3413,1,13,testing-library
3414,68,13,mocha.js
3415,472,13,jestjs
3416,19,13,webdriver-io
3417,544,13,webpack
3418,63,13,gulp
3419,8,13,preact
3420,16,13,parceljs
3421,2646,12,vue.js
3422,103,12,jasmine
3423,304,12,next.js
3424,1,12,stimulusjs
3425,458,12,graphql
3426,6048,12,angular
3427,37,12,capacitor
3428,20,12,fastify
3429,465,12,jestjs
3432,25,12,quasar-framework
3433,8,12,relay
3434,2,12,nwjs
3435,206,12,nestjs
3436,232,12,electron
3437,2980,12,react-native
3438,498,12,ionic-framework
3439,14,12,parceljs
3440,225,12,vuex
3441,186,12,cordova
3442,23,12,lit-element
3443,3,12,playwright
3444,1585,12,express
3445,636,12,webpack
3446,57,12,gulp
3447,4474,12,typescript
3449,18,12,rollupjs
3450,2,12,testing-library
3451,10955,12,reactjs
3452,66,12,meteor
3453,64,12,strapi
3454,230,12,gatsby
3455,3,12,reason
3456,43,12,ember.js
3457,73,12,apollo-client
3458,666,12,redux
3459,13,12,koa
3460,2,12,ava
3461,35,12,storybook
3462,152,12,cypress
3463,175,12,puppeteer
3465,31,12,webdriver-io
3467,5,12,xstate
3468,13,12,hapijs
3469,14,12,alpine.js
3470,8,12,purescript
3471,246,12,nuxt.js
3472,302,12,expo
3473,105,12,mocha.js
3475,22,12,clojurescript
3476,113,12,svelte
3478,8,12,preact
3479,44,12,mobx
3480,9,12,browserify
3481,5300,11,angular
3482,538,11,webpack
3483,563,11,ionic-framework
3484,452,11,jestjs
3485,5,11,relay
3486,322,11,next.js
3487,184,11,electron
3488,261,11,expo
3489,97,11,jasmine
3490,4,11,purescript
3491,2719,11,react-native
3492,7,11,hapijs
3493,69,11,mocha.js
3494,260,11,nuxt.js
3496,57,11,apollo-client
3497,4,11,preact
3498,40,11,capacitor
3499,1,11,nwjs
3500,3,11,stimulusjs
3502,13,11,clojurescript
3504,23,11,playwright
3505,235,11,gatsby
3506,3,11,snowpack
3507,20,11,quasar-framework
3508,2260,11,vue.js
3509,183,11,nestjs
3510,6,11,alpine.js
3511,35,11,mobx
3512,23,11,rollupjs
3513,9,11,parceljs
3514,183,11,cordova
3515,10,11,browserify
3516,3,11,ava
3517,10,11,reason
3518,150,11,cypress
3519,75,11,gulp
3520,408,11,graphql
3521,3977,11,typescript
3522,206,11,puppeteer
3524,54,11,strapi
3525,9,11,fastify
3526,185,11,vuex
3527,104,11,svelte
3528,10427,11,reactjs
3529,1333,11,express
3531,26,11,lit-element
3532,33,11,ember.js
3533,15,11,koa
3534,53,11,meteor
3535,2,11,testing-library
3536,30,11,storybook
3537,22,11,webdriver-io
3538,705,11,redux
3540,1,11,xstate
3541,6,10,preact
3542,1,10,purescript
3543,2,10,esbuild
3544,36,10,quasar-framework
3545,55,10,gulp
3546,5622,10,angular
3547,6,10,reason
3548,33,10,capacitor
3549,16,10,browserify
3550,427,10,jestjs
3551,210,10,cordova
3552,203,10,vuex
3553,277,10,nuxt.js
3554,332,10,expo
3555,9,10,relay
3556,3,10,stimulusjs
3557,9,10,playwright
3558,481,10,webpack
3559,293,10,next.js
3560,546,10,ionic-framework
3561,10697,10,reactjs
3562,47,10,strapi
3563,1,10,snowpack
3564,40,10,ember.js
3565,20,10,webdriver-io
3566,21,10,rollupjs
3567,16,10,parceljs
3568,191,10,puppeteer
3569,104,10,mocha.js
3570,49,10,meteor
3571,4,10,fastify
3573,2847,10,react-native
3574,4,10,testing-library
3575,10,10,alpine.js
3576,192,10,cypress
3577,402,10,graphql
3578,2311,10,vue.js
3579,1333,10,express
3581,2,10,eml
3582,90,10,jasmine
3584,198,10,electron
3585,251,10,gatsby
3586,3,10,ava
3587,14,10,clojurescript
3588,9,10,hapijs
3589,28,10,storybook
3590,12,10,koa
3591,20,10,lit-element
3592,4,10,xstate
3593,94,10,svelte
3594,174,10,nestjs
3595,642,10,redux
3597,4038,10,typescript
3598,26,10,mobx
3599,62,10,apollo-client
3600,411,9,jestjs
3601,4589,9,angular
3602,22,9,webdriver-io
3603,7,9,relay
3604,136,9,cordova
3605,1,9,testing-library
3606,254,9,nuxt.js
3607,79,9,jasmine
3608,498,9,webpack
3609,138,9,cypress
3610,7,9,preact
3611,32,9,ember.js
3612,55,9,apollo-client
3613,1,9,nwjs
3614,25,9,clojurescript
3615,256,9,expo
3616,66,9,strapi
3618,9450,9,reactjs
3619,216,9,vuex
3620,2392,9,react-native
3621,230,9,electron
3622,329,9,graphql
3623,418,9,ionic-framework
3624,2128,9,vue.js
3625,86,9,svelte
3626,2,9,snowpack
3627,15,9,rollupjs
3628,15,9,alpine.js
3629,41,9,gulp
3630,7,9,koa
3631,5,9,stimulusjs
3634,35,9,capacitor
3635,15,9,quasar-framework
3636,294,9,next.js
3637,181,9,gatsby
3638,12,9,playwright
3639,6,9,hapijs
3640,1,9,xstate
3641,15,9,lit-element
3642,41,9,storybook
3643,5,9,fastify
3644,3633,9,typescript
3645,31,9,mobx
3646,12,9,parceljs
3647,45,9,meteor
3648,61,9,mocha.js
3649,10,9,browserify
3650,178,9,puppeteer
3651,1296,9,express
3652,167,9,nestjs
3653,3,9,reason
3655,507,9,redux
3656,3,8,eml
3657,9,8,koa
3658,9046,8,reactjs
3659,4,8,relay
3660,235,8,expo
3661,1,8,esbuild
3662,131,8,cypress
3663,22,8,mobx
3664,34,8,storybook
3665,438,8,redux
3666,42,8,capacitor
3667,3,8,browserify
3669,112,8,jasmine
3670,208,8,puppeteer
3671,10,8,lit-element
3672,29,8,ember.js
3674,2,8,reason
3675,164,8,vuex
3676,31,8,meteor
3677,4321,8,angular
3678,305,8,next.js
3679,2,8,nwjs
3680,7,8,stimulusjs
3681,2,8,testing-library
3682,282,8,nuxt.js
3683,24,8,quasar-framework
3684,292,8,graphql
3685,3662,8,typescript
3686,14,8,alpine.js
3687,391,8,ionic-framework
3688,2148,8,vue.js
3689,42,8,webdriver-io
3690,18,8,clojurescript
3691,2330,8,react-native
3692,9,8,playwright
3693,11,8,preact
3696,45,8,strapi
3697,1152,8,express
3698,4,8,xstate
3700,43,8,apollo-client
3701,185,8,gatsby
3702,409,8,jestjs
3703,212,8,electron
3704,1,8,ava
3705,15,8,fastify
3706,404,8,webpack
3707,164,8,cordova
3708,6,8,hapijs
3709,5,8,parceljs
3710,13,8,rollupjs
3711,179,8,nestjs
3712,55,8,gulp
3714,65,8,mocha.js
3715,78,8,svelte
3716,2,7,eml
3717,3,7,testing-library
3718,7,7,fastify
3719,22,7,ember.js
3720,38,7,mobx
3721,1998,7,vue.js
3722,151,7,cordova
3723,180,7,vuex
3724,36,7,storybook
3725,536,7,webpack
3726,15,7,koa
3727,8904,7,reactjs
3728,47,7,gulp
3729,3,7,ava
3730,252,7,nuxt.js
3731,41,7,meteor
3732,4348,7,angular
3733,21,7,rollupjs
3734,16,7,relay
3735,23,7,quasar-framework
3736,16,7,lit-element
3737,4,7,purescript
3738,323,7,next.js
3739,368,7,ionic-framework
3740,194,7,gatsby
3741,7,7,hapijs
3742,5,7,reason
3743,6,7,stimulusjs
3744,58,7,apollo-client
3745,149,7,cypress
3746,9,7,parceljs
3747,192,7,electron
3748,2295,7,react-native
3749,432,7,jestjs
3750,5,7,snowpack
3751,158,7,puppeteer
3752,91,7,svelte
3753,45,7,strapi
3754,3721,7,typescript
3755,244,7,expo
3756,8,7,preact
3757,82,7,jasmine
3758,1103,7,express
3759,16,7,playwright
3762,1,7,esbuild
3763,33,7,capacitor
3764,9,7,browserify
3765,218,7,nestjs
3766,329,7,graphql
3767,18,7,alpine.js
3769,24,7,webdriver-io
3771,16,7,clojurescript
3774,474,7,redux
3775,81,7,mocha.js
3776,40,6,storybook
3777,150,6,gatsby
3778,407,6,jestjs
3779,146,6,vuex
3780,135,6,puppeteer
3781,299,6,ionic-framework
3782,350,6,next.js
3783,29,6,ember.js
3784,8,6,parceljs
3785,96,6,svelte
3786,7,6,snowpack
3787,17,6,quasar-framework
3788,6,6,koa
3789,2,6,nwjs
3790,22,6,alpine.js
3791,5,6,stimulusjs
3792,8419,6,reactjs
3793,56,6,gulp
3794,484,6,webpack
3795,3,6,testing-library
3797,4,6,browserify
3798,120,6,cordova
3800,1,6,eml
3801,5,6,purescript
3802,2254,6,react-native
3803,13,6,rollupjs
3805,39,6,mobx
3806,16,6,relay
3807,3722,6,angular
3808,1,6,esbuild
3809,10,6,lit-element
3810,421,6,redux
3812,12,6,playwright
3813,189,6,electron
3814,39,6,apollo-client
3815,92,6,jasmine
3816,34,6,capacitor
3817,260,6,nuxt.js
3818,68,6,mocha.js
3819,37,6,meteor
3820,5,6,preact
3821,180,6,cypress
3823,229,6,expo
3824,21,6,webdriver-io
3825,989,6,express
3826,3242,6,typescript
3827,4,6,ava
3828,182,6,nestjs
3829,9,6,fastify
3830,9,6,clojurescript
3831,4,6,hapijs
3832,6,6,reason
3833,1889,6,vue.js
3834,305,6,graphql
3835,50,6,strapi
3836,2,5,preact
3837,370,5,jestjs
3838,24,5,quasar-framework
3839,38,5,capacitor
3840,165,5,gatsby
3841,208,5,expo
3842,333,5,ionic-framework
3843,391,5,next.js
3844,1,5,testing-library
3845,15,5,rollupjs
3847,28,5,alpine.js
3848,3317,5,typescript
3849,58,5,apollo-client
3850,5,5,stimulusjs
3851,9,5,koa
3852,104,5,jasmine
3853,57,5,strapi
3854,10,5,browserify
3855,8555,5,reactjs
3856,7,5,purescript
3857,15,5,playwright
3858,137,5,cordova
3859,5,5,xstate
3860,1151,5,express
3861,2009,5,vue.js
3862,139,5,vuex
3863,5,5,snowpack
3864,77,5,mocha.js
3865,2051,5,react-native
3866,189,5,electron
3868,30,5,webdriver-io
3869,439,5,webpack
3870,4,5,relay
3872,80,5,svelte
3873,27,5,meteor
3874,8,5,fastify
3875,4,5,clojurescript
3876,8,5,parceljs
3877,29,5,ember.js
3878,40,5,mobx
3879,256,5,nuxt.js
3880,20,5,lit-element
3881,28,5,storybook
3882,445,5,redux
3883,175,5,nestjs
3884,3713,5,angular
3885,338,5,graphql
3886,60,5,gulp
3887,9,5,reason
3889,4,5,eml
3891,144,5,puppeteer
3892,3,5,ava
3893,180,5,cypress
3894,2,5,hapijs
3895,3660,4,angular
3896,419,4,ionic-framework
3897,10,4,stimulusjs
3898,5,4,snowpack
3899,15,4,rollupjs
3900,318,4,nuxt.js
3901,4,4,hapijs
3903,71,4,jasmine
3904,96,4,svelte
3905,152,4,puppeteer
3906,207,4,nestjs
3907,7,4,testing-library
3908,9209,4,reactjs
3909,45,4,capacitor
3910,13,4,clojurescript
3911,13,4,purescript
3912,14,4,lit-element
3913,21,4,quasar-framework
3914,37,4,webdriver-io
3915,42,4,strapi
3916,481,4,redux
3918,526,4,next.js
3919,373,4,jestjs
3920,37,4,gulp
3921,12,4,ember.js
3922,1154,4,express
3923,2130,4,vue.js
3924,140,4,cordova
3925,215,4,electron
3926,82,4,mocha.js
3927,546,4,webpack
3928,8,4,browserify
3929,161,4,vuex
3930,9,4,fastify
3931,208,4,cypress
3932,342,4,graphql
3933,267,4,expo
3934,13,4,relay
3935,19,4,playwright
3936,2352,4,react-native
3937,35,4,meteor
3938,3416,4,typescript
3941,10,4,reason
3942,6,4,preact
3943,10,4,koa
3944,51,4,apollo-client
3945,1,4,xstate
3946,191,4,gatsby
3947,23,4,alpine.js
3948,25,4,mobx
3949,10,4,parceljs
3950,36,4,storybook
3952,2,4,eml
3953,6,3,preact
3954,315,3,ionic-framework
3955,20,3,snowpack
3956,3341,3,angular
3957,57,3,apollo-client
3958,24,3,mobx
3959,502,3,next.js
3960,33,3,meteor
3961,35,3,storybook
3962,126,3,puppeteer
3963,487,3,webpack
3964,89,3,jasmine
3965,20,3,playwright
3966,295,3,nuxt.js
3967,115,3,cordova
3968,1005,3,express
3969,8056,3,reactjs
3970,3,3,browserify
3971,2097,3,react-native
3972,42,3,strapi
3973,201,3,nestjs
3974,23,3,capacitor
3975,29,3,alpine.js
3976,7,3,relay
3977,150,3,gatsby
3978,162,3,cypress
3980,2,3,ava
3981,260,3,graphql
3983,15,3,clojurescript
3984,8,3,fastify
3985,6,3,parceljs
3986,29,3,quasar-framework
3988,1877,3,vue.js
3989,11,3,koa
3990,99,3,svelte
3991,3233,3,typescript
3992,16,3,rollupjs
3993,58,3,mocha.js
3994,7,3,nwjs
3995,2,3,xstate
3996,4,3,purescript
3998,39,3,gulp
4000,9,3,testing-library
4001,399,3,redux
4002,16,3,lit-element
4003,1,3,reason
4004,11,3,ember.js
4005,20,3,webdriver-io
4006,190,3,electron
4007,144,3,vuex
4008,8,3,stimulusjs
4009,218,3,expo
4010,329,3,jestjs
4011,4,3,hapijs
4012,15,2,preact
4013,47,2,apollo-client
4014,33,2,meteor
4015,9467,2,reactjs
4016,506,2,redux
4017,2223,2,react-native
4018,382,2,ionic-framework
4019,309,2,nuxt.js
4020,4047,2,angular
4021,319,2,graphql
4022,6,2,relay
4023,565,2,next.js
4025,44,2,storybook
4026,121,2,cordova
4027,15,2,clojurescript
4029,377,2,jestjs
4030,138,2,vuex
4031,46,2,capacitor
4032,3835,2,typescript
4033,1,2,eml
4034,9,2,stimulusjs
4035,171,2,puppeteer
4036,100,2,jasmine
4037,17,2,rollupjs
4038,13,2,fastify
4039,17,2,parceljs
4040,29,2,mobx
4041,6,2,hapijs
4042,1,2,nwjs
4043,224,2,cypress
4044,10,2,webdriver-io
4045,493,2,webpack
4046,206,2,electron
4047,3,2,esbuild
4048,12,2,lit-element
4049,2113,2,vue.js
4050,15,2,ember.js
4051,234,2,nestjs
4053,4,2,ava
4054,1128,2,express
4055,30,2,alpine.js
4057,54,2,strapi
4058,18,2,quasar-framework
4059,5,2,reason
4060,3,2,browserify
4061,252,2,expo
4062,67,2,mocha.js
4063,31,2,playwright
4064,17,2,purescript
4065,8,2,xstate
4066,175,2,gatsby
4067,12,2,koa
4068,42,2,gulp
4070,121,2,svelte
4071,4,2,snowpack
4072,12,2,testing-library
4073,5,1,snowpack
4074,43,1,strapi
4075,167,1,electron
4076,135,1,puppeteer
4077,4,1,koa
4078,26,1,alpine.js
4079,48,1,apollo-client
4080,1,1,eml
4081,8,1,fastify
4082,2069,1,vue.js
4083,4,1,browserify
4084,10,1,rollupjs
4085,328,1,nuxt.js
4086,4,1,testing-library
4087,2196,1,react-native
4088,44,1,storybook
4089,1090,1,express
4090,497,1,webpack
4092,273,1,graphql
4093,9150,1,reactjs
4094,4,1,purescript
4095,1,1,nwjs
4097,56,1,jasmine
4098,210,1,cypress
4099,161,1,gatsby
4100,15,1,quasar-framework
4101,529,1,redux
4102,347,1,jestjs
4103,109,1,cordova
4104,20,1,meteor
4105,9,1,parceljs
4106,3508,1,angular
4107,29,1,mobx
4108,153,1,vuex
4109,559,1,next.js
4110,7,1,stimulusjs
4111,8,1,relay
4112,19,1,ember.js
4113,10,1,preact
4114,285,1,expo
4115,318,1,ionic-framework
4116,50,1,capacitor
4120,32,1,playwright
4121,27,1,webdriver-io
4122,6,1,hapijs
4123,83,1,svelte
4124,3,1,ava
4126,19,1,lit-element
4127,3,1,esbuild
4128,40,1,gulp
4129,237,1,nestjs
4130,24,1,clojurescript
4131,4,1,reason
4132,3583,1,typescript
4133,58,1,mocha.js
4134,6592,0,reactjs
4135,310,0,webpack
4136,6,0,snowpack
4137,13,0,quasar-framework
4138,6,0,relay
4139,215,0,expo
4140,3,0,koa
4141,227,0,ionic-framework
4142,2,0,esbuild
4143,270,0,jestjs
4144,74,0,cordova
4145,100,0,gatsby
4146,311,0,redux
4147,6,0,testing-library
4148,1,0,xstate
4149,3,0,nwjs
4150,2514,0,typescript
4151,5,0,stimulusjs
4152,1546,0,react-native
4153,87,0,vuex
4154,32,0,apollo-client
4155,7,0,rollupjs
4156,198,0,nuxt.js
4158,13,0,mobx
4159,17,0,ember.js
4160,11,0,clojurescript
4161,5,0,browserify
4162,2,0,eml
4163,20,0,meteor
4164,427,0,next.js
4166,3,0,preact
4167,4,0,purescript
4168,18,0,alpine.js
4170,15,0,playwright
4171,861,0,express
4174,24,0,gulp
4175,1446,0,vue.js
4176,4,0,reason
4177,121,0,puppeteer
4178,206,0,nestjs
4179,5,0,fastify
4180,51,0,lit-element
4181,140,0,electron
4182,21,0,webdriver-io
4183,2636,0,angular
4184,25,0,storybook
4185,179,0,cypress
4186,198,0,graphql
4187,4,0,hapijs
4188,6,0,parceljs
4189,24,0,capacitor
4191,51,0,jasmine
4192,77,0,svelte
4193,34,0,strapi
4194,39,0,mocha.js
