questions,months,TagName
"10946","12","reactjs"
"10691","10","reactjs"
"10627","13","reactjs"
"10422","11","reactjs"
"9464","2","reactjs"
"9436","9","reactjs"
"9205","4","reactjs"
"9155","1","reactjs"
"9048","8","reactjs"
"8896","7","reactjs"
"8547","5","reactjs"
"8413","6","reactjs"
"8345","14","reactjs"
"8167","16","reactjs"
"8054","3","reactjs"
"7842","15","reactjs"
"7511","18","reactjs"
"7379","19","reactjs"
"7185","21","reactjs"
"6943","17","reactjs"
"6922","20","reactjs"
"6913","26","reactjs"
"6889","33","angular"
"6822","22","reactjs"
"6789","31","angular"
"6727","36","angular"
"6573","26","angular"
"6518","34","angular"
"6492","18","angular"
"6447","45","angular"
"6405","38","angular"
"6379","24","reactjs"
"6360","37","angular"
"6331","42","angular"
"6305","25","reactjs"
"6249","27","angular"
"6204","35","angular"
"6185","27","reactjs"
"6154","32","angular"
"6148","40","angular"
"6130","19","angular"
"6117","28","reactjs"
"6093","22","angular"
"6054","46","angular"
"6047","12","angular"
"6028","23","reactjs"
"6006","43","angular"
"5993","31","reactjs"
"5981","25","angular"
"5948","28","angular"
"5945","24","angular"
"5877","20","angular"
"5851","33","reactjs"
"5841","32","reactjs"
"5831","30","angular"
"5824","13","angular"
"5785","15","angular"
"5738","23","angular"
"5663","39","angular"
"5622","10","angular"
"5605","44","angular"
"5591","47","angular"
"5544","17","angular"
"5486","21","angular"
"5440","29","angular"
"5433","34","reactjs"
"5422","50","angular"
"5318","30","reactjs"
"5307","41","angular"
"5300","11","angular"
"5263","16","angular"
"5263","48","angular"
"5178","14","angular"
"5128","36","reactjs"
"5071","29","reactjs"
"5021","38","reactjs"
"4954","49","angular"
"4916","35","reactjs"
"4896","37","reactjs"
"4663","51","angular"
"4590","9","angular"
"4475","12","typescript"
"4397","0","reactjs"
"4395","40","reactjs"
"4347","7","angular"
"4347","52","angular"
"4320","8","angular"
"4307","45","reactjs"
"4284","46","reactjs"
"4150","13","typescript"
"4143","43","reactjs"
"4111","39","reactjs"
"4048","2","angular"
"4039","10","typescript"
"3977","11","typescript"
"3871","55","angular"
"3869","53","angular"
"3858","42","reactjs"
"3836","48","reactjs"
"3835","2","typescript"
"3814","47","reactjs"
"3731","44","reactjs"
"3723","6","angular"
"3721","7","typescript"
"3714","5","angular"
"3698","18","typescript"
"3688","54","angular"
"3663","8","typescript"
"3661","4","angular"
"3642","41","reactjs"
"3634","9","typescript"
"3605","15","typescript"
"3586","1","typescript"
"3512","1","angular"
"3417","4","typescript"
"3403","14","typescript"
"3387","17","typescript"
"3386","19","typescript"
"3350","24","typescript"
"3348","16","typescript"
"3345","22","typescript"
"3342","3","angular"
"3317","5","typescript"
"3315","27","typescript"
"3315","49","reactjs"
"3314","31","typescript"
"3309","56","angular"
"3293","50","reactjs"
"3259","26","typescript"
"3244","33","typescript"
"3243","6","typescript"
"3234","3","typescript"
"3213","20","typescript"
"3211","25","typescript"
"3190","21","typescript"
"3168","28","typescript"
"3151","57","angular"
"3104","51","reactjs"
"3092","23","typescript"
"3048","32","typescript"
"3008","38","typescript"
"2980","12","react-native"
"2923","13","react-native"
"2892","34","typescript"
"2865","52","reactjs"
"2848","10","react-native"
"2823","37","typescript"
"2789","30","typescript"
"2781","36","typescript"
"2747","58","angular"
"2737","35","typescript"
"2732","45","typescript"
"2719","11","react-native"
"2680","29","typescript"
"2646","12","vue.js"
"2643","59","angular"
"2640","54","reactjs"
"2598","40","typescript"
"2595","42","typescript"
"2591","53","reactjs"
"2554","13","vue.js"
"2534","21","react-native"
"2514","46","typescript"
"2514","39","typescript"
"2509","57","reactjs"
"2503","22","react-native"
"2449","44","typescript"
"2446","18","react-native"
"2440","48","typescript"
"2428","43","typescript"
"2415","47","typescript"
"2404","16","react-native"
"2398","56","reactjs"
"2393","9","react-native"
"2384","55","reactjs"
"2352","4","react-native"
"2339","60","angular"
"2331","8","react-native"
"2330","50","typescript"
"2320","15","react-native"
"2311","10","vue.js"
"2296","7","react-native"
"2278","26","react-native"
"2260","11","vue.js"
"2257","17","react-native"
"2253","6","react-native"
"2241","19","react-native"
"2240","41","typescript"
"2225","2","react-native"
"2223","58","reactjs"
"2220","14","react-native"
"2216","25","react-native"
"2206","28","react-native"
"2202","1","react-native"
"2186","27","react-native"
"2173","20","react-native"
"2163","16","vue.js"
"2149","8","vue.js"
"2147","49","typescript"
"2141","14","vue.js"
"2131","4","vue.js"
"2128","9","vue.js"
"2115","2","vue.js"
"2112","32","react-native"
"2104","31","react-native"
"2098","3","react-native"
"2075","61","angular"
"2069","1","vue.js"
"2058","26","vue.js"
"2053","5","react-native"
"2039","19","vue.js"
"2037","59","reactjs"
"2025","51","typescript"
"2020","15","vue.js"
"2018","52","typescript"
"2010","5","vue.js"
"1998","7","vue.js"
"1975","24","react-native"
"1965","21","vue.js"
"1960","22","vue.js"
"1948","18","vue.js"
"1947","23","react-native"
"1937","17","vue.js"
"1936","33","react-native"
"1917","34","react-native"
"1902","30","react-native"
"1889","6","vue.js"
"1878","3","vue.js"
"1877","20","vue.js"
"1836","36","react-native"
"1828","38","react-native"
"1820","62","reactjs"
"1815","62","angular"
"1793","27","vue.js"
"1791","28","vue.js"
"1790","60","reactjs"
"1783","25","vue.js"
"1780","29","react-native"
"1771","53","typescript"
"1766","37","react-native"
"1765","35","react-native"
"1755","55","typescript"
"1747","40","react-native"
"1741","24","vue.js"
"1737","57","typescript"
"1733","61","reactjs"
"1721","23","vue.js"
"1703","0","angular"
"1671","31","vue.js"
"1658","0","typescript"
"1650","54","typescript"
"1621","56","typescript"
"1600","33","vue.js"
"1586","12","express"
"1572","58","typescript"
"1550","43","react-native"
"1541","32","vue.js"
"1540","30","vue.js"
"1520","46","react-native"
"1513","63","angular"
"1506","29","vue.js"
"1504","45","react-native"
"1504","42","react-native"
"1483","34","vue.js"
"1469","38","vue.js"
"1446","41","react-native"
"1426","13","express"
"1412","44","react-native"
"1410","60","typescript"
"1387","64","reactjs"
"1386","39","react-native"
"1384","59","typescript"
"1379","63","reactjs"
"1347","48","react-native"
"1342","37","vue.js"
"1339","35","vue.js"
"1334","11","express"
"1333","10","express"
"1332","86","cordova"
"1318","47","react-native"
"1306","36","vue.js"
"1302","65","reactjs"
"1296","9","express"
"1243","61","typescript"
"1237","50","react-native"
"1227","16","express"
"1214","64","angular"
"1154","14","express"
"1154","4","express"
"1153","8","express"
"1151","5","express"
"1150","66","reactjs"
"1148","39","vue.js"
"1143","72","cordova"
"1138","62","typescript"
"1129","2","express"
"1121","91","cordova"
"1117","50","express"
"1103","7","express"
"1090","1","express"
"1087","85","cordova"
"1085","15","express"
"1083","26","express"
"1073","62","cordova"
"1070","70","cordova"
"1067","0","react-native"
"1063","88","cordova"
"1057","49","react-native"
"1054","67","cordova"
"1050","34","express"
"1046","63","cordova"
"1045","31","express"
"1043","82","cordova"
"1042","70","meteor"
"1036","36","express"
"1032","68","cordova"
"1031","44","vue.js"
"1031","84","cordova"
"1022","38","express"
"1018","25","express"
"1018","24","express"
"1017","40","vue.js"
"1016","90","cordova"
"1016","42","vue.js"
"1015","40","express"
"1014","73","cordova"
"1010","27","express"
"1010","83","cordova"
"1007","37","express"
"1007","33","express"
"1006","21","express"
"1005","3","express"
"1004","39","express"
"998","22","express"
"997","71","cordova"
"996","63","typescript"
"996","18","express"
"995","28","express"
"993","19","express"
"992","54","express"
"990","73","meteor"
"990","61","cordova"
"990","87","cordova"
"989","6","express"
"987","81","cordova"
"985","62","ionic-framework"
"981","63","meteor"
"979","71","meteor"
"977","72","meteor"
"975","94","cordova"
"973","67","reactjs"
"973","45","express"
"972","61","ionic-framework"
"971","80","cordova"
"970","17","express"
"965","32","express"
"964","46","express"
"963","74","cordova"
"963","51","express"
"960","0","vue.js"
"960","48","express"
"956","60","cordova"
"954","78","cordova"
"950","56","express"
"944","92","cordova"
"943","69","meteor"
"942","49","express"
"940","52","express"
"939","43","vue.js"
"936","45","vue.js"
"936","43","express"
"936","23","express"
"933","89","cordova"
"932","93","cordova"
"931","59","express"
"927","66","cordova"
"927","46","ionic-framework"
"926","42","express"
"924","35","express"
"921","96","cordova"
"919","46","vue.js"
"918","69","cordova"
"911","74","meteor"
"909","79","cordova"
"909","20","express"
"905","47","express"
"905","76","cordova"
"903","60","ionic-framework"
"901","68","reactjs"
"901","55","express"
"900","61","express"
"900","52","react-native"
"899","58","express"
"899","29","express"
"894","67","meteor"
"892","59","ionic-framework"
"885","63","ionic-framework"
"880","64","cordova"
"879","41","vue.js"
"873","51","react-native"
"873","47","ionic-framework"
"872","59","cordova"
"871","63","express"
"870","30","express"
"869","65","cordova"
"868","57","express"
"868","51","webpack"
"866","75","cordova"
"864","58","ionic-framework"
"864","58","cordova"
"861","54","ionic-framework"
"859","95","cordova"
"858","45","ionic-framework"
"858","57","ionic-framework"
"857","62","express"
"855","50","vue.js"
"849","64","express"
"849","64","typescript"
"849","44","express"
"848","55","ionic-framework"
"847","102","cordova"
"842","97","cordova"
"842","68","meteor"
"841","64","meteor"
"841","53","express"
"840","77","cordova"
"835","47","vue.js"
"824","50","webpack"
"822","60","express"
"820","65","meteor"
"819","38","ionic-framework"
"817","52","ionic-framework"
"816","98","cordova"
"816","50","ionic-framework"
"816","100","cordova"
"814","37","ionic-framework"
"811","56","ionic-framework"
"807","106","cordova"
"798","49","ionic-framework"
"797","44","ionic-framework"
"793","43","ionic-framework"
"792","53","react-native"
"788","42","ionic-framework"
"787","53","cordova"
"785","33","ionic-framework"
"782","57","react-native"
"782","70","reactjs"
"780","75","meteor"
"778","57","cordova"
"773","53","ionic-framework"
"772","103","cordova"
"772","70","express"
"769","101","cordova"
"769","48","webpack"
"765","99","cordova"
"764","108","cordova"
"763","56","react-native"
"762","104","cordova"
"760","41","express"
"760","51","ionic-framework"
"759","46","webpack"
"759","48","ionic-framework"
"758","105","cordova"
"758","48","vue.js"
"754","76","meteor"
"754","38","webpack"
"752","56","cordova"
"751","36","ionic-framework"
"751","50","cordova"
"750","47","webpack"
"746","107","cordova"
"744","62","meteor"
"743","40","ionic-framework"
"741","69","express"
"740","49","webpack"
"739","26","ionic-framework"
"737","66","meteor"
"736","71","express"
"736","33","webpack"
"730","92","ember.js"
"728","54","react-native"
"725","22","ionic-framework"
"722","69","reactjs"
"721","36","webpack"
"719","52","cordova"
"715","58","react-native"
"714","35","ionic-framework"
"714","68","express"
"711","38","redux"
"711","54","cordova"
"708","61","meteor"
"708","37","webpack"
"708","67","express"
"707","78","meteor"
"706","13","redux"
"705","11","redux"
"705","110","cordova"
"703","65","express"
"703","55","cordova"
"703","45","webpack"
"701","39","ionic-framework"
"700","49","cordova"
"699","34","ionic-framework"
"692","52","webpack"
"691","28","ionic-framework"
"691","26","redux"
"687","31","redux"
"686","49","vue.js"
"684","47","redux"
"682","72","express"
"682","52","vue.js"
"680","32","redux"
"679","44","redux"
"676","46","redux"
"667","31","ionic-framework"
"667","55","react-native"
"666","12","redux"
"662","41","ionic-framework"
"662","48","redux"
"660","111","cordova"
"658","93","ember.js"
"658","45","redux"
"653","25","ionic-framework"
"653","32","ionic-framework"
"651","54","webpack"
"650","35","webpack"
"650","36","redux"
"650","83","ember.js"
"649","19","redux"
"649","71","reactjs"
"648","73","express"
"647","33","redux"
"646","60","meteor"
"643","64","ionic-framework"
"643","34","redux"
"642","10","redux"
"642","34","webpack"
"639","39","webpack"
"639","44","webpack"
"636","43","webpack"
"636","12","webpack"
"635","66","express"
"634","51","cordova"
"634","47","cordova"
"633","50","redux"
"631","43","redux"
"629","74","express"
"629","40","redux"
"628","51","vue.js"
"628","25","redux"
"626","21","ionic-framework"
"623","59","react-native"
"621","65","typescript"
"620","42","redux"
"618","53","webpack"
"618","84","express"
"617","91","ember.js"
"616","40","webpack"
"616","35","redux"
"616","85","ember.js"
"616","37","redux"
"614","77","meteor"
"613","27","ionic-framework"
"611","32","webpack"
"606","28","redux"
"606","81","express"
"605","21","redux"
"605","57","meteor"
"602","31","webpack"
"602","53","vue.js"
"600","52","redux"
"599","41","webpack"
"598","58","meteor"
"595","46","cordova"
"595","48","cordova"
"595","19","ionic-framework"
"595","55","webpack"
"595","18","ionic-framework"
"594","80","meteor"
"594","44","cordova"
"593","51","redux"
"591","45","cordova"
"589","49","redux"
"589","22","redux"
"589","109","cordova"
"588","76","express"
"584","94","ember.js"
"583","60","react-native"
"583","90","ember.js"
"581","29","redux"
"581","30","redux"
"580","88","express"
"575","28","webpack"
"575","57","webpack"
"574","42","webpack"
"574","85","express"
"574","27","redux"
"573","59","meteor"
"573","26","webpack"
"573","78","express"
"571","73","reactjs"
"570","72","reactjs"
"570","87","express"
"569","81","ember.js"
"566","16","redux"
"565","30","ionic-framework"
"564","2","next.js"
"563","86","express"
"563","84","ember.js"
"562","57","redux"
"561","69","ionic-framework"
"561","20","redux"
"560","11","ionic-framework"
"558","112","cordova"
"558","82","express"
"557","0","express"
"556","75","express"
"556","89","express"
"555","86","ember.js"
"554","1","next.js"
"553","87","ember.js"
"553","20","ionic-framework"
"549","23","ionic-framework"
"549","41","redux"
"549","15","redux"
"548","77","express"
"547","76","ember.js"
"546","82","ember.js"
"546","4","webpack"
"546","66","typescript"
"545","13","webpack"
"545","72","ionic-framework"
"544","22","webpack"
"541","42","cordova"
"540","71","ionic-framework"
"539","10","ionic-framework"
"538","11","webpack"
"538","79","meteor"
"536","18","redux"
"536","7","webpack"
"536","89","ember.js"
"535","98","ember.js"
"534","38","cordova"
"534","43","cordova"
"532","39","redux"
"532","24","ionic-framework"
"531","17","redux"
"529","1","redux"
"529","54","redux"
"528","86","meteor"
"528","79","express"
"528","53","redux"
"527","24","webpack"
"526","83","express"
"525","16","ionic-framework"
"523","29","webpack"
"522","19","webpack"
"522","70","ionic-framework"
"522","4","next.js"
"520","54","meteor"
"519","88","ember.js"
"519","13","ionic-framework"
"518","54","vue.js"
"518","15","webpack"
"516","62","react-native"
"516","14","redux"
"516","61","react-native"
"516","18","webpack"
"515","69","ionic"
"511","66","ionic"
"508","23","webpack"
"507","27","webpack"
"507","9","redux"
"506","2","redux"
"505","56","webpack"
"503","16","webpack"
"501","99","ember.js"
"501","77","ember.js"
"499","73","ember.js"
"499","3","next.js"
"498","25","webpack"
"498","55","redux"
"498","9","webpack"
"497","1","webpack"
"496","15","ionic-framework"
"496","56","meteor"
"496","80","ember.js"
"494","20","jestjs"
"493","97","ember.js"
"493","2","webpack"
"493","65","angular"
"492","71","ember.js"
"491","90","express"
"491","91","express"
"490","12","ionic-framework"
"489","17","webpack"
"487","23","redux"
"487","3","webpack"
"485","14","ionic-framework"
"485","79","ember.js"
"484","6","webpack"
"484","75","ember.js"
"483","65","ionic"
"481","10","webpack"
"481","29","ionic-framework"
"481","4","redux"
"481","81","meteor"
"479","21","webpack"
"479","14","webpack"
"479","24","redux"
"478","40","cordova"
"478","20","webpack"
"477","56","redux"
"477","103","typescript"
"477","93","express"
"474","7","redux"
"474","68","ionic"
"472","13","jestjs"
"472","17","ionic-framework"
"471","30","webpack"
"471","74","ember.js"
"466","78","ember.js"
"465","12","jestjs"
"465","72","ember.js"
"465","69","ember.js"
"463","85","meteor"
"463","87","meteor"
"460","58","redux"
"460","88","meteor"
"458","65","ionic-framework"
"458","12","graphql"
"455","63","react-native"
"452","100","ember.js"
"452","11","jestjs"
"448","92","express"
"448","68","ionic-framework"
"448","41","cordova"
"447","67","ionic"
"447","74","reactjs"
"446","58","webpack"
"446","37","cordova"
"446","70","ember.js"
"445","5","redux"
"442","80","express"
"442","69","typescript"
"439","5","webpack"
"438","8","redux"
"437","67","ionic-framework"
"435","67","typescript"
"435","84","meteor"
"434","50","meteor"
"433","16","jestjs"
"432","64","react-native"
"432","7","jestjs"
"431","55","meteor"
"431","53","meteor"
"430","59","redux"
"428","68","ember.js"
"427","10","jestjs"
"421","6","redux"
"419","89","meteor"
"416","9","ionic-framework"
"416","4","ionic-framework"
"414","59","webpack"
"414","66","ionic-framework"
"413","82","meteor"
"412","62","gulp"
"411","21","jestjs"
"411","9","jestjs"
"410","114","cordova"
"409","8","jestjs"
"409","52","meteor"
"408","11","graphql"
"407","6","jestjs"
"405","8","webpack"
"404","75","reactjs"
"403","61","gulp"
"403","61","webpack"
"403","70","ionic"
"403","10","graphql"
"402","98","express"
"402","72","ionic"
"401","26","jestjs"
"400","18","jestjs"
"400","62","webpack"
"399","3","redux"
"395","36","cordova"
"395","68","typescript"
"392","13","graphql"
"392","96","ember.js"
"391","83","meteor"
"391","39","cordova"
"389","34","cordova"
"389","5","next.js"
"386","8","ionic-framework"
"385","94","express"
"383","48","meteor"
"382","70","typescript"
"381","51","meteor"
"380","71","ionic"
"379","65","react-native"
"379","2","ionic-framework"
"378","95","ember.js"
"377","55","vue.js"
"377","2","jestjs"
"376","67","ember.js"
"373","4","jestjs"
"370","5","jestjs"
"370","60","webpack"
"369","27","jestjs"
"368","93","meteor"
"368","14","jestjs"
"367","7","ionic-framework"
"367","73","ionic-framework"
"365","59","ember.js"
"365","64","gulp"
"365","17","jestjs"
"363","35","cordova"
"361","71","typescript"
"360","65","gulp"
"359","66","react-native"
"358","66","ember.js"
"352","15","jestjs"
"352","16","graphql"
"349","6","next.js"
"348","97","express"
"348","1","jestjs"
"348","72","typescript"
"347","64","ember.js"
"346","63","gulp"
"345","24","jestjs"
"344","61","redux"
"343","100","express"
"342","4","graphql"
"340","28","jestjs"
"338","5","graphql"
"337","60","gulp"
"336","49","meteor"
"336","32","cordova"
"334","99","express"
"334","60","ember.js"
"333","62","redux"
"333","10","expo"
"332","19","jestjs"
"331","5","ionic-framework"
"330","90","meteor"
"330","57","gulp"
"329","33","cordova"
"329","9","graphql"
"329","96","express"
"329","3","jestjs"
"329","7","graphql"
"327","94","meteor"
"327","62","ember.js"
"326","21","graphql"
"324","63","webpack"
"324","45","meteor"
"324","95","express"
"321","102","express"
"321","20","graphql"
"321","7","next.js"
"321","11","next.js"
"320","74","ionic-framework"
"320","14","graphql"
"319","2","graphql"
"318","1","ionic-framework"
"318","101","express"
"317","66","gulp"
"316","25","jestjs"
"316","22","cordova"
"314","15","graphql"
"314","44","meteor"
"313","3","ionic-framework"
"313","28","cordova"
"312","59","gulp"
"312","67","gulp"
"311","26","cordova"
"311","68","gulp"
"309","63","ember.js"
"309","19","graphql"
"309","18","graphql"
"307","61","ember.js"
"307","64","webpack"
"306","64","ionic"
"305","6","graphql"
"304","8","next.js"
"303","30","jestjs"
"303","98","meteor"
"303","105","express"
"303","31","jestjs"
"302","12","next.js"
"302","12","expo"
"300","13","expo"
"300","31","cordova"
"299","24","graphql"
"299","58","gulp"
"299","103","express"
"299","26","graphql"
"298","4","nuxt.js"
"298","63","redux"
"297","30","cordova"
"296","22","jestjs"
"296","47","meteor"
"295","22","graphql"
"295","6","ionic-framework"
"294","9","next.js"
"293","73","ionic"
"293","106","express"
"292","46","meteor"
"292","60","redux"
"292","8","graphql"
"292","10","next.js"
"291","2","nuxt.js"
"290","104","express"
"289","113","cordova"
"288","73","gulp"
"288","95","meteor"
"287","67","react-native"
"287","115","cordova"
"286","1","expo"
"286","0","next.js"
"285","56","gulp"
"285","56","ember.js"
"284","1","nuxt.js"
"284","55","gulp"
"283","69","gulp"
"282","23","jestjs"
"281","27","cordova"
"280","65","ember.js"
"279","70","gulp"
"279","92","meteor"
"278","21","cordova"
"278","32","jestjs"
"277","29","cordova"
"276","28","graphql"
"276","91","meteor"
"275","33","jestjs"
"274","1","graphql"
"272","3","nuxt.js"
"271","19","cordova"
"271","54","gulp"
"270","25","cordova"
"268","51","ember.js"
"268","27","graphql"
"267","4","expo"
"266","18","cordova"
"264","57","ember.js"
"264","13","nuxt.js"
"263","56","vue.js"
"263","70","jasmine"
"263","10","nuxt.js"
"262","13","next.js"
"261","11","expo"
"260","72","gulp"
"260","71","gulp"
"260","100","meteor"
"260","3","graphql"
"259","8","nuxt.js"
"259","17","graphql"
"258","58","ember.js"
"258","32","graphql"
"257","24","cordova"
"256","73","typescript"
"256","26","electron"
"256","9","expo"
"254","25","graphql"
"252","2","expo"
"251","13","vuex"
"251","10","gatsby"
"250","101","ember.js"
"250","52","ember.js"
"249","23","cordova"
"249","34","jestjs"
"249","50","ember.js"
"249","82","typescript"
"248","117","cordova"
"248","55","ember.js"
"247","109","express"
"247","96","meteor"
"246","104","ember.js"
"246","57","vue.js"
"245","49","ember.js"
"244","7","expo"
"244","29","jestjs"
"242","12","nuxt.js"
"242","75","ionic-framework"
"241","99","meteor"
"240","107","express"
"239","78","ionic-framework"
"239","62","jasmine"
"239","33","graphql"
"239","116","cordova"
"239","74","gulp"
"238","11","nuxt.js"
"237","65","webpack"
"237","1","nestjs"
"237","97","meteor"
"237","31","graphql"
"236","20","cordova"
"236","76","ionic-framework"
"236","29","graphql"
"236","52","gulp"
"235","8","expo"
"235","11","gatsby"
"235","64","redux"
"235","36","jestjs"
"235","68","jasmine"
"234","2","nestjs"
"234","73","jasmine"
"233","60","jasmine"
"233","108","express"
"232","13","electron"
"232","12","electron"
"231","16","nuxt.js"
"231","5","nuxt.js"
"231","7","nuxt.js"
"231","74","typescript"
"230","23","graphql"
"230","9","electron"
"230","16","expo"
"230","12","gatsby"
"229","9","nuxt.js"
"229","6","expo"
"229","6","nuxt.js"
"228","0","webpack"
"228","16","electron"
"228","77","ionic-framework"
"227","76","reactjs"
"227","18","expo"
"227","19","expo"
"226","105","ember.js"
"225","102","typescript"
"225","50","jasmine"
"225","12","vuex"
"224","25","electron"
"224","56","jasmine"
"224","2","cypress"
"222","66","angular"
"222","37","graphql"
"222","35","jestjs"
"219","59","jasmine"
"219","50","gulp"
"218","69","jasmine"
"218","3","expo"
"218","7","nestjs"
"217","30","graphql"
"216","9","vuex"
"216","21","expo"
"215","79","typescript"
"215","75","gulp"
"215","4","electron"
"214","88","typescript"
"214","22","expo"
"214","53","gulp"
"213","42","meteor"
"212","14","next.js"
"212","46","electron"
"212","43","meteor"
"212","8","electron"
"212","13","nestjs"
"211","48","gulp"
"211","17","expo"
"210","106","ember.js"
"210","24","electron"
"210","77","reactjs"
"210","10","cordova"
"210","14","electron"
"210","34","graphql"
"210","103","ember.js"
"210","1","cypress"
"209","46","ember.js"
"209","84","typescript"
"209","14","expo"
"208","38","jestjs"
"208","8","puppeteer"
"208","4","cypress"
"208","101","meteor"
"208","51","gulp"
"208","5","expo"
"207","2","electron"
"207","15","expo"
"207","4","nestjs"
"206","0","redux"
"206","11","puppeteer"
"206","12","nestjs"
"205","76","jasmine"
"205","19","electron"
"205","102","ember.js"
"205","15","nuxt.js"
"205","40","graphql"
"205","13","gatsby"
"204","48","ember.js"
"204","64","jasmine"
"203","10","vuex"
"203","37","jestjs"
"203","17","cordova"
"202","47","electron"
"202","74","ionic"
"202","53","ember.js"
"201","14","vuex"
"201","3","nestjs"
"200","55","jasmine"
"200","71","jasmine"
"200","36","graphql"
"200","54","ember.js"
"199","22","electron"
"198","13","cordova"
"198","10","electron"
"198","68","react-native"
"198","61","jasmine"
"198","15","electron"
"197","66","webpack"
"195","43","electron"
"195","61","vue.js"
"195","85","typescript"
"195","23","expo"
"195","47","gulp"
"194","7","gatsby"
"193","45","ember.js"
"193","16","cordova"
"193","46","gulp"
"193","40","jestjs"
"192","63","jasmine"
"192","21","nuxt.js"
"192","7","electron"
"192","28","expo"
"192","13","puppeteer"
"192","10","cypress"
"191","4","gatsby"
"191","49","gulp"
"191","79","ionic-framework"
"191","78","typescript"
"191","30","electron"
"191","54","jasmine"
"191","10","puppeteer"
"191","15","next.js"
"190","3","electron"
"190","15","cordova"
"190","16","next.js"
"190","32","electron"
"189","5","electron"
"189","67","jasmine"
"189","19","nuxt.js"
"189","6","electron"
"188","48","jasmine"
"188","45","gulp"
"188","25","expo"
"188","76","typescript"
"187","76","gulp"
"186","35","graphql"
"186","21","electron"
"185","14","nuxt.js"
"185","11","vuex"
"185","12","cordova"
"185","8","gatsby"
"184","77","typescript"
"184","11","electron"
"183","11","nestjs"
"183","110","express"
"183","72","jasmine"
"182","107","ember.js"
"182","11","cordova"
"182","89","typescript"
"182","6","nestjs"
"182","110","ember.js"
"181","18","electron"
"181","9","gatsby"
"180","16","puppeteer"
"180","5","cypress"
"180","79","reactjs"
"180","6","cypress"
"180","7","vuex"
"180","65","redux"
"180","120","cordova"
"179","14","cordova"
"179","78","reactjs"
"179","8","nestjs"
"179","39","jestjs"
"179","14","nestjs"
"178","40","electron"
"178","81","typescript"
"178","17","electron"
"178","65","jasmine"
"178","9","puppeteer"
"177","49","jasmine"
"177","77","gulp"
"177","52","electron"
"177","26","expo"
"176","18","nuxt.js"
"176","58","vue.js"
"176","12","puppeteer"
"176","0","jestjs"
"175","2","gatsby"
"175","26","vuex"
"175","87","typescript"
"175","5","nestjs"
"175","38","graphql"
"175","81","ionic-framework"
"175","112","express"
"174","40","meteor"
"174","34","electron"
"174","15","gatsby"
"174","88","jasmine"
"174","10","nestjs"
"173","45","electron"
"173","86","typescript"
"173","80","ionic-framework"
"173","38","meteor"
"172","17","nuxt.js"
"172","21","vuex"
"171","43","gulp"
"171","47","ember.js"
"171","98","typescript"
"171","15","vuex"
"171","27","expo"
"171","2","puppeteer"
"171","75","typescript"
"170","44","ember.js"
"170","57","jasmine"
"169","20","expo"
"169","31","electron"
"169","29","electron"
"169","118","cordova"
"168","59","vue.js"
"168","75","ionic"
"168","22","vuex"
"167","1","electron"
"167","93","typescript"
"167","80","typescript"
"167","9","nestjs"
"167","33","electron"
"166","48","electron"
"166","20","puppeteer"
"166","82","jasmine"
"165","51","jasmine"
"165","41","meteor"
"165","5","gatsby"
"165","60","vue.js"
"165","109","meteor"
"165","27","electron"
"165","45","jestjs"
"165","52","jasmine"
"164","66","jasmine"
"164","35","electron"
"164","8","cordova"
"164","108","ember.js"
"164","8","vuex"
"163","16","gatsby"
"163","16","vuex"
"163","42","jestjs"
"162","3","cypress"
"162","54","electron"
"162","43","jestjs"
"162","78","gulp"
"162","50","electron"
"162","28","electron"
"161","36","electron"
"161","62","vue.js"
"161","4","vuex"
"160","15","cypress"
"160","21","puppeteer"
"160","1","gatsby"
"160","26","puppeteer"
"160","39","graphql"
"160","23","vuex"
"159","19","gatsby"
"159","14","puppeteer"
"158","7","puppeteer"
"157","53","electron"
"157","37","electron"
"157","20","electron"
"157","67","webpack"
"157","83","typescript"
"157","31","vuex"
"157","94","typescript"
"157","74","jasmine"
"157","23","electron"
"156","60","mocha.js"
"156","14","gatsby"
"156","24","expo"
"156","77","jasmine"
"156","57","electron"
"155","42","graphql"
"155","58","jasmine"
"154","38","electron"
"154","53","jasmine"
"153","95","typescript"
"153","64","vue.js"
"153","80","jasmine"
"153","1","vuex"
"152","12","cypress"
"152","4","puppeteer"
"152","44","jasmine"
"152","111","express"
"151","83","jasmine"
"151","87","jasmine"
"151","33","puppeteer"
"151","7","cordova"
"151","28","jasmine"
"151","42","gulp"
"151","25","nuxt.js"
"151","0","expo"
"150","3","gatsby"
"150","6","gatsby"
"150","39","electron"
"150","11","cypress"
"150","32","jasmine"
"149","7","cypress"
"149","46","jestjs"
"149","41","jestjs"
"149","44","electron"
"149","34","vuex"
"149","18","vuex"
"148","17","gatsby"
"148","20","vuex"
"148","109","ember.js"
"148","25","puppeteer"
"148","33","jasmine"
"148","79","jasmine"
"148","40","gulp"
"148","31","puppeteer"
"148","100","typescript"
"147","75","jasmine"
"147","26","cypress"
"147","90","typescript"
"147","84","jasmine"
"147","44","jestjs"
"147","82","gulp"
"147","24","vuex"
"147","78","jasmine"
"147","57","mocha.js"
"146","38","gulp"
"146","6","vuex"
"145","39","jasmine"
"145","44","gulp"
"145","46","jasmine"
"145","32","vuex"
"145","30","vuex"
"145","18","jasmine"
"145","20","nuxt.js"
"144","5","puppeteer"
"144","43","jasmine"
"144","18","gatsby"
"144","34","jasmine"
"144","3","vuex"
"144","113","express"
"144","0","ionic-framework"
"144","44","graphql"
"144","85","jasmine"
"143","27","vuex"
"143","81","jasmine"
"143","26","nuxt.js"
"143","97","typescript"
"142","24","puppeteer"
"142","22","nuxt.js"
"141","86","jasmine"
"141","4","cordova"
"141","58","mocha.js"
"141","72","react-native"
"140","18","puppeteer"
"139","49","electron"
"139","13","cypress"
"139","38","jasmine"
"139","28","vuex"
"139","37","meteor"
"139","5","vuex"
"139","45","jasmine"
"138","41","electron"
"138","17","next.js"
"138","9","cypress"
"138","2","vuex"
"138","80","gulp"
"137","42","electron"
"136","35","meteor"
"136","5","cordova"
"136","9","cordova"
"136","15","nestjs"
"135","48","mocha.js"
"135","1","puppeteer"
"135","6","puppeteer"
"134","17","puppeteer"
"134","37","gulp"
"134","102","meteor"
"134","36","jasmine"
"134","43","graphql"
"134","119","cordova"
"134","38","vuex"
"134","19","vuex"
"134","46","graphql"
"133","37","jasmine"
"133","35","jasmine"
"133","25","vuex"
"133","62","mocha.js"
"132","45","mocha.js"
"131","39","meteor"
"131","39","gulp"
"131","61","mocha.js"
"131","8","cypress"
"131","19","cypress"
"131","80","reactjs"
"131","0","nestjs"
"131","103","meteor"
"130","59","mocha.js"
"130","33","vuex"
"130","40","jasmine"
"129","18","cypress"
"129","92","typescript"
"129","42","jasmine"
"129","16","cypress"
"129","66","redux"
"128","0","cypress"
"128","73","react-native"
"128","63","vue.js"
"128","41","graphql"
"128","44","mocha.js"
"127","22","gatsby"
"127","14","cypress"
"127","56","mocha.js"
"127","38","ember.js"
"127","54","mocha.js"
"126","42","ember.js"
"126","3","puppeteer"
"126","28","gulp"
"126","35","vuex"
"126","96","typescript"
"126","29","expo"
"126","17","nestjs"
"126","45","graphql"
"126","14","jasmine"
"126","56","electron"
"126","28","nuxt.js"
"125","70","react-native"
"125","27","jasmine"
"125","47","jestjs"
"125","26","jasmine"
"125","29","vuex"
"124","34","meteor"
"123","0","graphql"
"123","16","nestjs"
"123","0","nuxt.js"
"123","55","electron"
"123","31","gulp"
"123","34","mocha.js"
"122","22","puppeteer"
"122","18","nestjs"
"122","58","electron"
"122","51","electron"
"122","59","electron"
"122","63","mocha.js"
"122","21","jasmine"
"122","116","express"
"121","47","jasmine"
"121","67","redux"
"121","91","typescript"
"121","30","expo"
"121","2","cordova"
"121","32","nuxt.js"
"121","2","svelte"
"120","51","mocha.js"
"120","50","graphql"
"120","79","gulp"
"120","101","typescript"
"120","17","vuex"
"120","6","cordova"
"120","111","ember.js"
"119","19","nestjs"
"119","46","mocha.js"
"118","67","angular"
"118","24","nuxt.js"
"118","108","meteor"
"118","15","puppeteer"
"117","30","jasmine"
"117","49","jestjs"
"117","41","jasmine"
"117","19","next.js"
"116","36","meteor"
"116","31","nuxt.js"
"116","32","mocha.js"
"116","117","express"
"116","49","mocha.js"
"116","23","puppeteer"
"116","27","nuxt.js"
"116","41","gulp"
"115","3","cordova"
"115","34","puppeteer"
"115","18","next.js"
"115","43","ember.js"
"115","52","mocha.js"
"115","50","mocha.js"
"115","91","jasmine"
"114","23","nuxt.js"
"114","62","browserify"
"114","37","vuex"
"114","33","mocha.js"
"114","42","vuex"
"114","71","mocha.js"
"114","20","cypress"
"113","60","electron"
"113","56","react-jsx"
"113","58","react-jsx"
"113","65","browserify"
"113","55","mocha.js"
"113","35","gulp"
"113","31","expo"
"113","12","svelte"
"112","36","ember.js"
"112","29","jasmine"
"112","38","mocha.js"
"112","24","gatsby"
"112","8","jasmine"
"112","54","react-jsx"
"112","69","react-native"
"112","17","cypress"
"112","20","next.js"
"111","37","ember.js"
"111","26","gulp"
"111","31","mocha.js"
"111","16","jasmine"
"111","22","cypress"
"110","32","meteor"
"110","33","ember.js"
"109","40","ember.js"
"109","1","cordova"
"109","47","mocha.js"
"109","41","ember.js"
"108","82","reactjs"
"108","76","ionic"
"108","31","jasmine"
"108","36","gulp"
"108","27","cypress"
"108","21","gatsby"
"108","43","mocha.js"
"108","17","jasmine"
"108","20","gatsby"
"108","32","puppeteer"
"108","25","gatsby"
"108","48","graphql"
"107","26","mocha.js"
"107","27","gatsby"
"107","36","vuex"
"107","65","vue.js"
"107","27","puppeteer"
"106","69","webpack"
"106","29","gulp"
"106","62","electron"
"106","40","mocha.js"
"106","64","mocha.js"
"106","22","jasmine"
"106","48","jestjs"
"105","42","mocha.js"
"105","12","mocha.js"
"104","65","mocha.js"
"104","26","next.js"
"104","10","mocha.js"
"104","13","jasmine"
"104","50","react-jsx"
"104","5","jasmine"
"104","24","mocha.js"
"104","31","ember.js"
"104","19","jasmine"
"104","35","puppeteer"
"104","84","gulp"
"104","11","svelte"
"103","71","react-native"
"103","69","mocha.js"
"103","81","reactjs"
"103","21","nestjs"
"103","12","jasmine"
"103","66","mocha.js"
"103","114","express"
"103","70","mocha.js"
"103","115","express"
"102","25","gulp"
"102","57","react-jsx"
"102","89","jasmine"
"102","34","gulp"
"101","68","mocha.js"
"101","68","webpack"
"101","28","mocha.js"
"101","30","puppeteer"
"101","21","next.js"
"101","83","gulp"
"101","23","gatsby"
"101","26","gatsby"
"100","26","ember.js"
"100","47","graphql"
"100","74","mocha.js"
"100","66","browserify"
"100","35","ember.js"
"100","2","jasmine"
"100","105","meteor"
"100","33","meteor"
"100","17","mocha.js"
"99","0","electron"
"99","81","gulp"
"99","30","gulp"
"99","19","puppeteer"
"99","3","svelte"
"99","39","mocha.js"
"98","24","next.js"
"98","20","jasmine"
"98","70","webpack"
"98","44","vuex"
"97","28","meteor"
"97","53","mocha.js"
"97","11","jasmine"
"97","51","react-jsx"
"97","39","ember.js"
"97","59","react-jsx"
"97","22","next.js"
"97","51","graphql"
"97","23","cypress"
"96","73","mocha.js"
"96","6","svelte"
"96","72","mocha.js"
"96","4","svelte"
"96","27","gulp"
"95","99","typescript"
"95","67","browserify"
"95","74","browserify"
"95","27","mocha.js"
"94","21","cypress"
"94","10","svelte"
"94","64","clojurescript"
"94","30","mocha.js"
"94","23","gulp"
"93","25","mocha.js"
"93","22","gulp"
"93","32","gulp"
"93","34","ember.js"
"93","13","svelte"
"93","33","expo"
"93","22","mocha.js"
"93","24","cypress"
"93","75","mocha.js"
"93","94","jasmine"
"93","20","nestjs"
"93","87","gulp"
"93","19","gulp"
"93","97","jasmine"
"93","50","jestjs"
"93","35","mocha.js"
"92","93","jasmine"
"92","30","ember.js"
"92","28","puppeteer"
"92","55","react-jsx"
"92","6","jasmine"
"92","64","react-jsx"
"92","23","jasmine"
"92","28","next.js"
"91","29","nuxt.js"
"91","50","angular4"
"91","71","webpack"
"91","7","svelte"
"91","67","mocha.js"
"91","52","jestjs"
"91","82","ionic-framework"
"90","25","jasmine"
"90","18","mocha.js"
"90","63","ionic"
"90","46","vuex"
"90","27","ember.js"
"90","15","jasmine"
"90","10","jasmine"
"90","29","mocha.js"
"90","121","cordova"
"89","3","jasmine"
"89","25","cypress"
"89","61","electron"
"89","66","react-jsx"
"89","22","nestjs"
"88","41","mocha.js"
"88","43","vuex"
"88","122","cordova"
"88","33","gulp"
"88","32","expo"
"87","112","ember.js"
"87","24","jasmine"
"87","52","graphql"
"87","32","ember.js"
"87","51","jestjs"
"86","37","mocha.js"
"86","15","mocha.js"
"86","68","angular"
"86","33","nuxt.js"
"86","9","svelte"
"85","69","angular"
"85","90","jasmine"
"85","71","angular"
"85","47","react-jsx"
"85","72","browserify"
"85","84","reactjs"
"84","98","jasmine"
"84","25","next.js"
"84","52","react-jsx"
"84","36","mocha.js"
"84","71","browserify"
"84","30","nuxt.js"
"84","27","next.js"
"84","70","angular"
"84","24","ember.js"
"84","53","react-jsx"
"83","16","mocha.js"
"83","1","svelte"
"83","63","clojurescript"
"83","25","nestjs"
"82","7","jasmine"
"82","4","mocha.js"
"82","86","gulp"
"82","83","reactjs"
"82","124","cordova"
"82","26","nestjs"
"81","64","browserify"
"81","69","browserify"
"81","7","mocha.js"
"81","23","mocha.js"
"81","40","vuex"
"81","0","puppeteer"
"81","24","nestjs"
"81","34","expo"
"80","5","svelte"
"80","40","puppeteer"
"80","83","ionic-framework"
"80","15","gulp"
"80","34","nuxt.js"
"80","70","browserify"
"79","28","gatsby"
"79","72","webpack"
"79","31","meteor"
"79","76","mocha.js"
"79","38","expo"
"79","62","react-jsx"
"79","48","react-jsx"
"79","9","jasmine"
"78","30","meteor"
"78","37","expo"
"78","23","next.js"
"78","8","svelte"
"77","54","graphql"
"77","106","meteor"
"77","29","cypress"
"77","5","mocha.js"
"77","65","react-jsx"
"77","49","graphql"
"77","118","express"
"76","73","browserify"
"76","28","cypress"
"76","62","ionic"
"76","57","browserify"
"76","66","vue.js"
"76","123","cordova"
"76","120","express"
"76","19","mocha.js"
"75","11","gulp"
"75","27","nestjs"
"75","39","vuex"
"75","21","gulp"
"75","56","graphql"
"75","74","react-native"
"75","78","mocha.js"
"74","43","expo"
"74","14","svelte"
"74","107","meteor"
"74","60","react-jsx"
"74","42","puppeteer"
"73","68","react-jsx"
"73","63","electron"
"73","64","electron"
"73","20","mocha.js"
"73","85","mocha.js"
"73","12","apollo-client"
"73","14","mocha.js"
"73","16","gulp"
"72","104","meteor"
"72","17","svelte"
"72","60","ionic"
"72","95","jasmine"
"72","36","puppeteer"
"71","24","gulp"
"71","4","jasmine"
"71","18","svelte"
"71","96","jasmine"
"71","21","mocha.js"
"71","61","browserify"
"70","53","jestjs"
"70","41","vuex"
"70","0","gatsby"
"70","92","jasmine"
"70","20","svelte"
"70","89","mocha.js"
"70","53","graphql"
"69","88","mocha.js"
"69","14","gulp"
"69","31","next.js"
"69","11","mocha.js"
"69","76","browserify"
"68","6","mocha.js"
"68","13","mocha.js"
"68","63","browserify"
"68","46","expo"
"68","25","ember.js"
"68","80","mocha.js"
"68","26","meteor"
"67","2","mocha.js"
"67","18","gulp"
"67","55","browserify"
"67","37","puppeteer"
"67","60","browserify"
"67","15","svelte"
"67","85","gulp"
"66","42","expo"
"66","58","browserify"
"66","31","gatsby"
"66","12","meteor"
"66","9","strapi"
"66","36","expo"
"65","77","mocha.js"
"65","84","mocha.js"
"65","70","vue.js"
"65","61","react-jsx"
"65","8","mocha.js"
"65","38","puppeteer"
"65","35","nuxt.js"
"64","35","expo"
"64","20","gulp"
"64","41","expo"
"64","12","strapi"
"64","68","browserify"
"64","48","vuex"
"64","28","nestjs"
"64","39","puppeteer"
"64","49","react-jsx"
"63","40","expo"
"63","25","meteor"
"63","29","meteor"
"63","17","gulp"
"63","13","gulp"
"62","29","gatsby"
"62","10","apollo-client"
"62","52","browserify"
"62","20","apollo-client"
"62","68","vue.js"
"61","79","mocha.js"
"61","27","meteor"
"61","33","gatsby"
"61","13","ember.js"
"61","79","browserify"
"61","19","svelte"
"61","119","express"
"61","9","mocha.js"
"61","86","mocha.js"
"61","22","ember.js"
"60","30","next.js"
"60","5","gulp"
"60","69","clojurescript"
"60","100","jasmine"
"60","84","ionic-framework"
"60","46","react-jsx"
"60","30","gatsby"
"60","87","mocha.js"
"60","67","react-jsx"
"60","121","express"
"60","81","browserify"
"59","50","vuex"
"59","23","nestjs"
"59","47","vuex"
"59","33","cypress"
"59","99","jasmine"
"58","22","svelte"
"58","5","apollo-client"
"58","19","ember.js"
"58","7","apollo-client"
"58","88","reactjs"
"58","29","puppeteer"
"58","3","mocha.js"
"58","59","browserify"
"58","61","clojurescript"
"58","54","jestjs"
"58","1","mocha.js"
"57","26","mobx"
"57","83","mocha.js"
"57","18","meteor"
"57","0","vuex"
"57","28","ember.js"
"57","12","gulp"
"57","13","meteor"
"57","5","strapi"
"57","75","browserify"
"57","11","apollo-client"
"57","93","mocha.js"
"56","39","gatsby"
"56","29","next.js"
"56","1","jasmine"
"56","13","strapi"
"56","60","clojurescript"
"56","78","browserify"
"56","87","reactjs"
"56","3","apollo-client"
"56","6","gulp"
"56","30","cypress"
"55","10","gulp"
"55","81","mocha.js"
"55","73","react-jsx"
"55","66","electron"
"55","18","ember.js"
"55","125","cordova"
"55","43","puppeteer"
"55","16","ember.js"
"55","61","ionic"
"55","107","jasmine"
"55","8","gulp"
"55","77","browserify"
"55","45","vuex"
"55","9","apollo-client"
"55","73","webpack"
"54","16","svelte"
"54","17","apollo-client"
"54","23","ember.js"
"54","75","react-jsx"
"54","85","ionic-framework"
"54","15","apollo-client"
"54","57","graphql"
"54","55","jestjs"
"54","14","apollo-client"
"54","11","strapi"
"54","2","strapi"
"53","58","graphql"
"53","74","react-jsx"
"53","24","meteor"
"53","11","meteor"
"53","55","graphql"
"53","63","react-jsx"
"52","56","browserify"
"52","70","react-jsx"
"52","14","meteor"
"52","83","browserify"
"52","102","jasmine"
"52","32","gatsby"
"52","69","react-jsx"
"52","45","expo"
"51","4","apollo-client"
"51","72","angular"
"51","31","cypress"
"51","54","vuex"
"51","31","nestjs"
"51","72","react-jsx"
"51","29","ember.js"
"51","77","ionic"
"51","54","ionic"
"51","59","graphql"
"50","21","svelte"
"50","112","jasmine"
"50","70","hapijs"
"50","1","capacitor"
"50","105","jasmine"
"50","34","gatsby"
"50","6","strapi"
"50","32","cypress"
"50","36","nuxt.js"
"50","67","electron"
"49","10","meteor"
"49","1","apollo-client"
"49","14","clojurescript"
"49","91","mocha.js"
"49","32","next.js"
"49","47","expo"
"49","54","browserify"
"48","19","apollo-client"
"48","26","apollo-client"
"48","70","electron"
"48","21","ember.js"
"48","19","meteor"
"48","101","jasmine"
"47","7","gulp"
"47","23","svelte"
"47","2","apollo-client"
"47","25","mobx"
"47","62","clojurescript"
"47","10","strapi"
"47","49","vuex"
"47","80","browserify"
"47","37","mobx"
"47","65","electron"
"46","2","capacitor"
"46","0","lit-element"
"46","23","meteor"
"46","21","meteor"
"46","56","ionic"
"46","96","mocha.js"
"46","65","clojurescript"
"46","18","apollo-client"
"46","66","clojurescript"
"46","29","nestjs"
"46","58","ionic"
"46","86","reactjs"
"46","30","nestjs"
"45","22","meteor"
"45","9","meteor"
"45","24","apollo-client"
"45","8","strapi"
"45","7","strapi"
"45","4","capacitor"
"45","67","clojurescript"
"45","0","cordova"
"44","1","nuxtjs"
"44","0","svelte"
"44","2","storybook"
"44","1","storybook"
"44","67","vue.js"
"44","40","mobx"
"44","28","apollo-client"
"44","57","ionic"
"44","44","expo"
"44","129","cordova"
"44","12","mobx"
"44","20","ember.js"
"43","103","jasmine"
"43","12","ember.js"
"43","37","gatsby"
"43","20","meteor"
"43","49","ionic"
"43","33","apollo-client"
"43","1","strapi"
"43","8","apollo-client"
"43","36","apollo-client"
"43","69","vue.js"
"42","8","webdriver-io"
"42","16","apollo-client"
"42","4","strapi"
"42","3","strapi"
"42","68","electron"
"42","59","ionic"
"42","84","browserify"
"42","27","mobx"
"42","2","gulp"
"42","8","capacitor"
"42","39","expo"
"42","34","mobx"
"41","9","gulp"
"41","9","storybook"
"41","53","browserify"
"41","15","strapi"
"41","17","meteor"
"41","71","vue.js"
"41","15","ember.js"
"41","7","meteor"
"41","43","mobx"
"41","92","mocha.js"
"41","76","clojurescript"
"41","44","puppeteer"
"40","68","clojurescript"
"40","13","capacitor"
"40","50","ionic"
"40","106","jasmine"
"40","14","ember.js"
"40","5","mobx"
"40","11","capacitor"
"40","90","mocha.js"
"40","69","hapijs"
"40","10","ember.js"
"40","82","browserify"
"40","6","storybook"
"40","113","ember.js"
"40","31","mobx"
"40","122","express"
"40","21","clojurescript"
"40","33","nestjs"
"40","71","react-jsx"
"40","1","gulp"
"40","33","mobx"
"39","27","apollo-client"
"39","6","mobx"
"39","6","apollo-client"
"39","62","graphql"
"39","34","apollo-client"
"39","51","clojurescript"
"39","39","nuxt.js"
"39","85","browserify"
"39","3","gulp"
"39","13","apollo-client"
"39","53","ionic"
"39","97","mocha.js"
"38","62","hapijs"
"38","14","storybook"
"38","41","puppeteer"
"38","5","capacitor"
"38","84","clojurescript"
"38","35","cypress"
"38","58","clojurescript"
"38","36","mobx"
"38","85","reactjs"
"38","13","clojurescript"
"38","45","browserify"
"38","20","strapi"
"38","17","ember.js"
"38","13","mobx"
"38","14","strapi"
"38","57","clojurescript"
"38","7","mobx"
"38","24","lit-element"
"37","12","capacitor"
"37","40","apollo-client"
"37","18","strapi"
"37","15","meteor"
"37","55","ionic"
"37","4","webdriver-io"
"37","56","jestjs"
"37","4","gulp"
"37","16","meteor"
"37","6","meteor"
"37","21","apollo-client"
"37","22","apollo-client"
"37","52","ionic"
"37","51","browserify"
"37","44","clojurescript"
"37","104","jasmine"
"36","94","mocha.js"
"36","50","clojurescript"
"36","72","clojurescript"
"36","10","quasar-framework"
"36","31","apollo-client"
"36","38","nuxt.js"
"36","4","storybook"
"36","127","cordova"
"36","33","next.js"
"36","99","mocha.js"
"36","7","storybook"
"36","111","jasmine"
"36","36","gatsby"
"36","60","graphql"
"35","22","mobx"
"35","50","browserify"
"35","3","storybook"
"35","37","apollo-client"
"35","4","meteor"
"35","54","clojurescript"
"35","11","mobx"
"35","12","storybook"
"35","9","capacitor"
"35","49","angular4"
"35","74","webpack"
"34","50","mobx"
"34","95","mocha.js"
"34","37","clojurescript"
"34","70","clojurescript"
"34","8","storybook"
"34","6","capacitor"
"34","37","nuxt.js"
"34","58","relayjs"
"34","34","clojurescript"
"34","86","ionic-framework"
"33","39","clojurescript"
"33","48","mobx"
"33","17","strapi"
"33","46","browserify"
"33","74","clojurescript"
"33","7","capacitor"
"33","100","mocha.js"
"33","2","meteor"
"33","77","clojurescript"
"33","10","capacitor"
"33","3","meteor"
"33","28","mobx"
"33","11","ember.js"
"33","41","hapijs"
"33","37","cypress"
"32","70","koa"
"32","94","clojurescript"
"32","46","clojurescript"
"32","9","ember.js"
"32","88","clojurescript"
"32","47","mobx"
"32","38","apollo-client"
"32","39","apollo-client"
"32","48","expo"
"32","66","hapijs"
"32","75","clojurescript"
"32","68","relayjs"
"32","36","cypress"
"32","21","mobx"
"32","1","playwright"
"32","34","next.js"
"32","51","vuex"
"32","25","apollo-client"
"32","51","ionic"
"32","42","mobx"
"31","51","hapijs"
"31","8","meteor"
"31","44","hapijs"
"31","13","storybook"
"31","12","webdriver-io"
"31","40","hapijs"
"31","14","webdriver-io"
"31","65","relayjs"
"31","43","browserify"
"31","9","mobx"
"31","20","clojurescript"
"31","40","nuxt.js"
"31","40","gatsby"
"31","108","jasmine"
"31","0","jasmine"
"31","6","nuxtjs"
"31","15","quasar-framework"
"31","2","playwright"
"30","35","nestjs"
"30","82","mocha.js"
"30","73","hapijs"
"30","2","alpine.js"
"30","53","clojurescript"
"30","38","mobx"
"30","128","cordova"
"30","34","cypress"
"30","49","browserify"
"30","21","lit-element"
"30","52","clojurescript"
"30","43","clojurescript"
"30","20","mobx"
"30","35","gatsby"
"30","45","ionic"
"30","68","redux"
"30","46","ionic"
"30","11","storybook"
"30","5","webdriver-io"
"30","65","graphql"
"30","79","clojurescript"
"30","47","browserify"
"30","78","clojurescript"
"30","109","jasmine"
"29","110","jasmine"
"29","3","alpine.js"
"29","5","ember.js"
"29","41","nuxt.js"
"29","59","relayjs"
"29","78","react-jsx"
"29","97","clojurescript"
"29","15","capacitor"
"29","113","jasmine"
"29","48","browserify"
"29","8","ember.js"
"29","39","hapijs"
"29","53","vuex"
"29","18","storybook"
"29","22","strapi"
"29","23","mobx"
"29","61","hapijs"
"29","2","mobx"
"29","3","quasar-framework"
"29","34","webdriver-io"
"29","6","ember.js"
"29","53","relayjs"
"29","1","mobx"
"28","49","mobx"
"28","27","webdriver-io"
"28","21","strapi"
"28","68","graphql"
"28","50","koa"
"28","33","webdriver-io"
"28","42","hapijs"
"28","5","alpine.js"
"28","0","mocha.js"
"28","5","storybook"
"28","74","hapijs"
"28","45","mobx"
"28","44","mobx"
"28","10","storybook"
"28","52","vuex"
"28","106","mocha.js"
"28","45","clojurescript"
"28","62","relayjs"
"27","67","relayjs"
"27","38","gatsby"
"27","85","clojurescript"
"27","39","mobx"
"27","29","webdriver-io"
"27","14","capacitor"
"27","20","lit-element"
"27","31","webdriver-io"
"27","64","relayjs"
"27","5","meteor"
"27","44","webdriver-io"
"27","67","hapijs"
"27","69","electron"
"27","15","lit-element"
"27","61","graphql"
"27","98","clojurescript"
"27","36","hapijs"
"27","14","quasar-framework"
"27","45","hapijs"
"27","87","browserify"
"27","43","gatsby"
"27","59","clojurescript"
"27","32","apollo-client"
"27","1","webdriver-io"
"27","45","koa"
"26","124","express"
"26","42","webdriver-io"
"26","1","alpine.js"
"26","77","webpack"
"26","16","quasar-framework"
"26","19","storybook"
"26","11","lit-element"
"26","57","relayjs"
"26","86","browserify"
"26","89","reactjs"
"26","47","webdriver-io"
"26","18","webdriver-io"
"26","87","clojurescript"
"26","10","mobx"
"26","5","nuxtjs"
"26","18","mobx"
"26","71","electron"
"26","55","hapijs"
"26","47","ionic"
"26","26","strapi"
"26","105","mocha.js"
"25","64","graphql"
"25","12","quasar-framework"
"25","15","storybook"
"25","33","clojurescript"
"25","52","mobx"
"25","88","browserify"
"25","16","lit-element"
"25","76","react-jsx"
"25","130","cordova"
"25","30","mobx"
"25","16","mobx"
"25","9","nuxtjs"
"25","56","clojurescript"
"25","103","mocha.js"
"25","16","capacitor"
"25","75","hapijs"
"25","9","clojurescript"
"25","75","jestjs"
"25","101","mocha.js"
"25","71","clojurescript"
"25","73","koa"
"25","4","mobx"
"25","19","capacitor"
"25","48","clojurescript"
"25","19","webdriver-io"
"25","34","nestjs"
"24","38","clojurescript"
"24","3","mobx"
"24","55","clojurescript"
"24","45","webdriver-io"
"24","15","webdriver-io"
"24","7","webdriver-io"
"24","30","apollo-client"
"24","63","koa"
"24","32","nestjs"
"24","35","mobx"
"24","96","clojurescript"
"24","23","strapi"
"24","8","quasar-framework"
"24","42","nuxt.js"
"24","51","mobx"
"24","55","rollupjs"
"24","29","apollo-client"
"24","1","clojurescript"
"24","52","relayjs"
"24","88","gulp"
"24","64","koa"
"24","42","clojurescript"
"24","16","strapi"
"24","91","clojurescript"
"24","15","clojurescript"
"24","5","quasar-framework"
"24","72","electron"
"24","26","lit-element"
"24","18","clojurescript"
"23","64","hapijs"
"23","49","webdriver-io"
"23","12","lit-element"
"23","59","jestjs"
"23","52","hapijs"
"23","7","quasar-framework"
"23","24","webdriver-io"
"23","43","relayjs"
"23","22","storybook"
"23","46","webdriver-io"
"23","72","jestjs"
"23","41","clojurescript"
"23","26","hapijs"
"23","54","mobx"
"23","17","quasar-framework"
"23","82","clojurescript"
"23","37","nestjs"
"23","33","hapijs"
"23","80","clojurescript"
"23","102","mocha.js"
"23","83","clojurescript"
"23","47","relayjs"
"23","4","alpine.js"
"23","38","koa"
"23","24","svelte"
"23","69","koa"
"23","11","playwright"
"23","8","nuxtjs"
"23","3","nuxtjs"
"23","81","clojurescript"
"23","3","capacitor"
"23","49","clojurescript"
"23","11","rollupjs"
"23","115","jasmine"
"23","50","hapijs"
"23","23","clojurescript"
"23","37","webdriver-io"
"23","17","clojurescript"
"22","16","storybook"
"22","9","webdriver-io"
"22","49","hapijs"
"22","6","alpine.js"
"22","86","clojurescript"
"22","11","nuxtjs"
"22","103","clojurescript"
"22","11","webdriver-io"
"22","40","clojurescript"
"22","39","purescript"
"22","36","nestjs"
"22","42","browserify"
"22","58","hapijs"
"22","21","capacitor"
"22","16","clojurescript"
"22","43","webdriver-io"
"22","0","strapi"
"22","19","strapi"
"22","19","clojurescript"
"22","17","webdriver-io"
"22","22","clojurescript"
"22","12","clojurescript"
"22","108","mocha.js"
"22","49","koa"
"22","46","apollo-client"
"22","7","ember.js"
"22","61","koa"
"22","23","apollo-client"
"22","62","jestjs"
"22","17","mobx"
"22","8","mobx"
"21","126","cordova"
"21","41","apollo-client"
"21","27","koa"
"21","10","rollupjs"
"21","92","clojurescript"
"21","21","storybook"
"21","47","purescript"
"21","14","mobx"
"21","29","strapi"
"21","58","relay"
"21","60","hapijs"
"21","7","rollupjs"
"21","48","relayjs"
"21","4","quasar-framework"
"21","49","expo"
"21","47","next.js"
"21","45","react-jsx"
"21","19","lit-element"
"21","32","mobx"
"21","38","webdriver-io"
"21","22","webdriver-io"
"21","73","jestjs"
"21","7","nuxtjs"
"21","67","koa"
"21","46","koa"
"21","48","hapijs"
"21","47","hapijs"
"21","35","apollo-client"
"21","6","webdriver-io"
"21","54","hapijs"
"20","60","relayjs"
"20","57","mobx"
"20","30","browserify"
"20","3","playwright"
"20","50","webdriver-io"
"20","50","apollo-client"
"20","4","nuxtjs"
"20","44","koa"
"20","39","reason"
"20","58","koa"
"20","10","webdriver-io"
"20","32","webdriver-io"
"20","21","webdriver-io"
"20","67","jestjs"
"20","12","fastify"
"20","29","mobx"
"20","43","hapijs"
"20","59","hapijs"
"20","66","koa"
"20","65","jestjs"
"20","57","jestjs"
"20","3","snowpack"
"20","10","lit-element"
"20","11","quasar-framework"
"20","14","rollupjs"
"20","48","ionic"
"20","63","hapijs"
"20","3","webdriver-io"
"20","44","ionic"
"20","107","clojurescript"
"20","63","relayjs"
"20","73","clojurescript"
"20","44","browserify"
"20","1","meteor"
"20","60","jestjs"
"20","98","mocha.js"
"20","59","koa"
"20","90","clojurescript"
"20","5","lit-element"
"19","16","koa"
"19","44","reason"
"19","36","koa"
"19","1","ember.js"
"19","22","capacitor"
"19","0","apollo-client"
"19","62","koa"
"19","44","apollo-client"
"19","89","clojurescript"
"19","71","hapijs"
"19","71","koa"
"19","110","clojurescript"
"19","77","koa"
"19","32","koa"
"19","34","hapijs"
"19","13","quasar-framework"
"19","13","webdriver-io"
"19","31","browserify"
"19","36","webdriver-io"
"19","4","playwright"
"19","1","lit-element"
"19","53","hapijs"
"19","36","clojurescript"
"19","107","mocha.js"
"19","15","mobx"
"18","27","clojurescript"
"18","38","hapijs"
"18","12","rollupjs"
"18","66","relayjs"
"18","44","nuxt.js"
"18","56","mobx"
"18","76","hapijs"
"18","27","preact"
"18","2","quasar-framework"
"18","8","clojurescript"
"18","27","hapijs"
"18","28","storybook"
"18","38","reason"
"18","42","apollo-client"
"18","56","relayjs"
"18","54","relayjs"
"18","13","rollupjs"
"18","95","clojurescript"
"18","2","nuxtjs"
"18","7","alpine.js"
"18","35","webdriver-io"
"18","34","koa"
"18","40","webdriver-io"
"18","45","relay"
"18","57","hapijs"
"18","40","next.js"
"18","35","nextjs"
"18","41","mobx"
"18","68","hapijs"
"18","42","koa"
"18","35","koa"
"18","36","reason"
"18","66","jestjs"
"17","56","hapijs"
"17","31","parceljs"
"17","18","koa"
"17","56","relay"
"17","104","mocha.js"
"17","58","jestjs"
"17","13","hapijs"
"17","2","rollupjs"
"17","52","relay"
"17","2","parceljs"
"17","23","lit-element"
"17","42","reason"
"17","79","hapijs"
"17","53","relay"
"17","46","mobx"
"17","114","jasmine"
"17","2","purescript"
"17","45","apollo-client"
"17","0","storybook"
"17","48","next.js"
"17","104","clojurescript"
"17","15","fastify"
"17","55","relayjs"
"17","68","webdriver-io"
"17","60","purescript"
"17","81","hapijs"
"17","55","mobx"
"17","100","clojurescript"
"17","51","purescript"
"17","49","purescript"
"17","28","quasar-framework"
"17","72","hapijs"
"17","43","relay"
"17","52","purescript"
"17","48","relay"
"17","50","purescript"
"17","18","capacitor"
"17","53","mobx"
"17","65","webdriver-io"
"17","27","lit-element"
"17","16","webdriver-io"
"17","6","quasar-framework"
"16","7","playwright"
"16","38","purescript"
"16","15","koa"
"16","42","gatsby"
"16","72","koa"
"16","39","webdriver-io"
"16","35","reason"
"16","10","browserify"
"16","26","clojurescript"
"16","7","clojurescript"
"16","47","koa"
"16","13","parceljs"
"16","40","reason"
"16","24","preact"
"16","51","relay"
"16","51","koa"
"16","55","koa"
"16","3","lit-element"
"16","0","gulp"
"16","13","lit-element"
"16","110","mocha.js"
"16","20","hapijs"
"16","47","nuxt.js"
"16","3","rollupjs"
"16","20","koa"
"16","0","capacitor"
"16","61","relayjs"
"16","64","jestjs"
"16","50","relayjs"
"16","24","parceljs"
"16","38","next.js"
"16","0","meteor"
"16","28","browserify"
"16","10","parceljs"
"16","99","clojurescript"
"16","28","webdriver-io"
"16","67","graphql"
"16","17","capacitor"
"16","17","lit-element"
"16","7","lit-element"
"16","41","next.js"
"16","28","strapi"
"16","37","koa"
"15","3","clojurescript"
"15","5","rollupjs"
"15","40","ionic"
"15","36","browserify"
"15","19","mobx"
"15","30","clojurescript"
"15","19","quasar-framework"
"15","25","webdriver-io"
"15","47","rollupjs"
"15","123","express"
"15","71","jestjs"
"15","9","rollupjs"
"15","25","lit-element"
"15","5","playwright"
"15","38","nextjs"
"15","61","jestjs"
"15","9","alpine.js"
"15","7","koa"
"15","22","hapijs"
"15","48","webdriver-io"
"15","11","koa"
"15","43","apollo-client"
"15","64","webdriver-io"
"15","47","relay"
"15","29","clojurescript"
"15","17","storybook"
"15","25","hapijs"
"15","77","react-jsx"
"15","70","jestjs"
"15","56","koa"
"15","2","ember.js"
"15","51","webdriver-io"
"15","39","cypress"
"15","69","jestjs"
"15","74","jestjs"
"15","31","clojurescript"
"15","8","fastify"
"15","37","hapijs"
"15","4","rollupjs"
"15","57","webdriver-io"
"15","0","alpine.js"
"15","73","angular"
"15","1","quasar-framework"
"15","9","quasar-framework"
"15","45","puppeteer"
"15","41","browserify"
"15","25","purescript"
"15","25","storybook"
"15","28","lit-element"
"15","9","lit-element"
"15","25","preact"
"15","33","browserify"
"15","2","preact"
"15","41","ionic"
"15","54","webdriver-io"
"15","38","cypress"
"15","134","cordova"
"15","62","relay"
"15","2","clojurescript"
"14","12","alpine.js"
"14","51","relayjs"
"14","23","webdriver-io"
"14","4","lit-element"
"14","74","angular"
"14","41","cypress"
"14","17","koa"
"14","10","nuxtjs"
"14","12","parceljs"
"14","62","webdriver-io"
"14","42","cypress"
"14","80","react-jsx"
"14","24","clojurescript"
"14","38","browserify"
"14","118","jasmine"
"14","21","browserify"
"14","57","relay"
"14","109","clojurescript"
"14","42","ionic"
"14","45","relayjs"
"14","40","browserify"
"14","65","koa"
"14","15","hapijs"
"14","34","reason"
"14","9","react-jsx"
"14","20","capacitor"
"14","29","koa"
"14","22","koa"
"14","36","rollupjs"
"14","39","nestjs"
"14","18","rollupjs"
"14","8","alpine.js"
"14","51","rollupjs"
"14","10","clojurescript"
"14","23","koa"
"14","36","react-jsx"
"14","80","hapijs"
"14","32","hapijs"
"14","14","parceljs"
"14","77","hapijs"
"13","15","browserify"
"13","25","browserify"
"13","48","koa"
"13","41","koa"
"13","46","hapijs"
"13","21","rollupjs"
"13","60","koa"
"13","37","browserify"
"13","4","clojurescript"
"13","40","koa"
"13","6","rollupjs"
"13","16","hapijs"
"13","117","jasmine"
"13","65","hapijs"
"13","12","hapijs"
"13","12","koa"
"13","44","purescript"
"13","14","reason"
"13","25","koa"
"13","38","react-jsx"
"13","68","koa"
"13","32","clojurescript"
"13","50","relay"
"13","76","koa"
"13","56","webdriver-io"
"13","43","react-jsx"
"13","48","apollo-client"
"13","0","playwright"
"13","42","relay"
"13","24","hapijs"
"13","11","clojurescript"
"13","39","rollupjs"
"13","59","relay"
"13","79","webpack"
"13","63","apache-cordova"
"13","0","webdriver-io"
"13","36","nextjs"
"13","37","react-jsx"
"13","0","ember.js"
"13","58","mobx"
"13","44","gatsby"
"13","29","reason"
"13","22","preact"
"13","24","capacitor"
"13","8","rollupjs"
"13","52","webdriver-io"
"13","17","rollupjs"
"13","84","react-jsx"
"13","41","relayjs"
"13","36","purescript"
"13","61","relay"
"13","19","hapijs"
"13","57","vuex"
"13","2","fastify"
"13","30","purescript"
"13","4","purescript"
"13","62","purescript"
"12","25","parceljs"
"12","63","webdriver-io"
"12","63","graphql"
"12","35","preact"
"12","37","nextjs"
"12","2","testing-library"
"12","31","strapi"
"12","26","storybook"
"12","116","jasmine"
"12","69","webdriver-io"
"12","82","react-jsx"
"12","6","playwright"
"12","24","quasar-framework"
"12","44","relayjs"
"12","13","alpine.js"
"12","9","parceljs"
"12","25","reason"
"12","4","ember.js"
"12","78","hapijs"
"12","9","playwright"
"12","60","webdriver-io"
"12","81","koa"
"12","30","koa"
"12","68","jestjs"
"12","6","relay"
"12","26","parceljs"
"12","18","lit-element"
"12","41","webdriver-io"
"12","18","quasar-framework"
"12","52","koa"
"12","28","hapijs"
"12","26","webdriver-io"
"12","19","koa"
"12","23","parceljs"
"12","26","browserify"
"12","33","strapi"
"12","2","koa"
"12","57","apache-cordova"
"12","43","rollupjs"
"12","41","react-jsx"
"12","109","mocha.js"
"12","40","react-jsx"
"12","10","koa"
"12","47","clojurescript"
"12","52","rollupjs"
"12","20","webdriver-io"
"12","45","nuxt.js"
"12","23","browserify"
"12","39","browserify"
"12","2","lit-element"
"12","16","xstate"
"12","24","strapi"
"12","57","koa"
"12","13","koa"
"12","28","clojurescript"
"12","63","jestjs"
"12","24","mobx"
"12","17","hapijs"
"11","49","apollo-client"
"11","37","next.js"
"11","50","expo"
"11","39","next.js"
"11","45","ava"
"11","36","preact"
"11","35","clojurescript"
"11","32","ionic"
"11","45","rollupjs"
"11","24","browserify"
"11","43","koa"
"11","46","rollupjs"
"11","3","koa"
"11","75","webpack"
"11","30","hapijs"
"11","42","nextjs"
"11","37","ionic"
"11","21","quasar-framework"
"11","46","next.js"
"11","66","graphql"
"11","41","nestjs"
"11","36","ionic"
"11","26","koa"
"11","32","quasar-framework"
"11","43","ionic"
"11","31","koa"
"11","25","svelte"
"11","33","react-jsx"
"11","22","rollupjs"
"11","30","ionic"
"11","17","fastify"
"11","79","react-jsx"
"11","34","browserify"
"11","28","koa"
"11","57","purescript"
"11","53","purescript"
"11","41","nextjs"
"11","33","preact"
"11","76","webpack"
"11","23","quasar-framework"
"11","69","redux"
"11","20","rollupjs"
"11","8","preact"
"11","32","rollupjs"
"11","26","reason"
"11","3","ember.js"
"11","37","purescript"
"11","83","react-jsx"
"11","25","capacitor"
"11","25","clojurescript"
"11","7","react-jsx"
"11","51","apollo-client"
"11","22","reason"
"11","92","reactjs"
"10","21","koa"
"10","55","nwjs"
"10","11","reason"
"10","37","reason"
"10","16","rollupjs"
"10","93","browserify"
"10","93","clojurescript"
"10","66","apache-cordova"
"10","111","clojurescript"
"10","9","browserify"
"10","43","reason"
"10","18","fastify"
"10","41","reason"
"10","1","preact"
"10","14","preact"
"10","46","purescript"
"10","11","browserify"
"10","38","ionic"
"10","46","nextjs"
"10","31","reason"
"10","55","webdriver-io"
"10","120","jasmine"
"10","50","rollupjs"
"10","29","hapijs"
"10","5","browserify"
"10","4","reason"
"10","31","preact"
"10","35","hapijs"
"10","14","lit-element"
"10","39","nextjs"
"10","13","browserify"
"10","62","mobx"
"10","48","purescript"
"10","10","alpine.js"
"10","1","rollupjs"
"10","61","purescript"
"10","8","lit-element"
"10","45","nextjs"
"10","0","clojurescript"
"10","22","react-jsx"
"10","32","storybook"
"10","6","lit-element"
"10","14","koa"
"10","23","rollupjs"
"10","18","reason"
"10","111","mocha.js"
"10","69","purescript"
"10","78","webpack"
"10","4","stimulusjs"
"10","30","react-jsx"
"10","47","apollo-client"
"10","13","react-jsx"
"10","2","webdriver-io"
"10","12","react-jsx"
"10","5","react-jsx"
"10","25","react-jsx"
"10","44","ava"
"10","21","fastify"
"10","21","hapijs"
"10","42","react-jsx"
"10","46","nuxt.js"
"10","30","webdriver-io"
"10","80","koa"
"10","31","hapijs"
"10","27","ionic"
"10","35","browserify"
"10","4","parceljs"
"10","33","koa"
"10","4","koa"
"10","26","capacitor"
"10","24","koa"
"9","105","clojurescript"
"9","3","testing-library"
"9","16","browserify"
"9","29","browserify"
"9","46","relayjs"
"9","19","preact"
"9","18","hapijs"
"9","7","parceljs"
"9","35","react-jsx"
"9","7","browserify"
"9","15","rollupjs"
"9","32","browserify"
"9","108","clojurescript"
"9","81","webpack"
"9","8","koa"
"9","27","fastify"
"9","17","preact"
"9","41","rollupjs"
"9","27","capacitor"
"9","27","parceljs"
"9","79","koa"
"9","39","react-jsx"
"9","11","fastify"
"9","8","playwright"
"9","54","rollupjs"
"9","52","ava"
"9","2","react-jsx"
"9","23","capacitor"
"9","95","browserify"
"9","18","ionic"
"9","56","rollupjs"
"9","37","ava"
"9","23","preact"
"9","42","relayjs"
"9","11","parceljs"
"9","4","fastify"
"9","45","purescript"
"9","49","rollupjs"
"9","76","vue.js"
"9","12","browserify"
"9","48","rollupjs"
"9","125","express"
"9","30","storybook"
"9","26","ionic"
"9","32","react-jsx"
"9","5","koa"
"9","53","rollupjs"
"9","36","next.js"
"9","2","stimulusjs"
"9","23","hapijs"
"9","37","svelte"
"9","30","parceljs"
"9","10","hapijs"
"9","58","purescript"
"9","49","relay"
"9","41","gatsby"
"9","6","clojurescript"
"9","10","playwright"
"9","40","preact"
"9","34","rollupjs"
"9","36","quasar-framework"
"9","5","reason"
"9","54","purescript"
"9","4","relay"
"9","56","vuex"
"9","6","fastify"
"9","1","parceljs"
"9","119","jasmine"
"9","27","react-jsx"
"9","18","browserify"
"9","7","relay"
"9","40","relayjs"
"9","29","quasar-framework"
"9","38","svelte"
"9","10","relay"
"9","45","next.js"
"9","49","angular4.x"
"9","40","storybook"
"8","0","mobx"
"8","39","ionic"
"8","84","koa"
"8","85","react-jsx"
"8","33","purescript"
"8","45","preact"
"8","82","hapijs"
"8","74","koa"
"8","87","react-jsx"
"8","3","fastify"
"8","60","mobx"
"8","33","reason"
"8","22","quasar-framework"
"8","10","react-jsx"
"8","28","ionic"
"8","35","nwjs"
"8","53","koa"
"8","43","purescript"
"8","87","koa"
"8","41","purescript"
"8","38","nestjs"
"8","16","parceljs"
"8","72","webdriver-io"
"8","22","relayjs"
"8","31","relay"
"8","28","reason"
"8","82","webpack"
"8","12","purescript"
"8","16","fastify"
"8","3","stimulusjs"
"8","66","webdriver-io"
"8","29","ionic"
"8","34","ionic"
"8","41","relay"
"8","5","parceljs"
"8","12","preact"
"8","25","quasar-framework"
"8","73","electron"
"8","50","ava"
"8","13","reason"
"8","133","cordova"
"8","50","nwjs"
"8","19","ionic"
"8","12","ionic"
"8","6","parceljs"
"8","76","electron"
"8","5","fastify"
"8","67","apache-cordova"
"8","65","apache-cordova"
"8","44","relay"
"8","34","react-jsx"
"8","53","webdriver-io"
"8","47","ava"
"8","24","relay"
"8","31","react-jsx"
"8","1","fastify"
"8","22","lit-element"
"8","19","reason"
"8","27","strapi"
"8","20","quasar-framework"
"8","2","xstate"
"8","28","rollupjs"
"8","13","preact"
"8","90","reactjs"
"8","27","browserify"
"8","55","vuex"
"8","33","ionic"
"8","58","apache-cordova"
"8","35","rollupjs"
"8","7","preact"
"8","4","browserify"
"8","115","clojurescript"
"8","54","koa"
"8","16","react-jsx"
"7","58","webdriver-io"
"7","8","stimulusjs"
"7","11","react-jsx"
"7","56","nwjs"
"7","73","webdriver-io"
"7","24","react-jsx"
"7","24","storybook"
"7","118","clojurescript"
"7","19","rollupjs"
"7","14","ava"
"7","22","browserify"
"7","55","purescript"
"7","60","relay"
"7","1","react-jsx"
"7","10","ionic"
"7","30","lit-element"
"7","39","reasonml"
"7","48","nuxt.js"
"7","78","koa"
"7","33","relayjs"
"7","20","react-jsx"
"7","25","strapi"
"7","74","electron"
"7","83","koa"
"7","17","browserify"
"7","15","react-jsx"
"7","20","parceljs"
"7","26","rollupjs"
"7","37","quasar-framework"
"7","27","reason"
"7","131","cordova"
"7","81","jestjs"
"7","102","clojurescript"
"7","11","hapijs"
"7","14","fastify"
"7","40","nextjs"
"7","62","apache-cordova"
"7","30","relay"
"7","28","react-jsx"
"7","35","quasar-framework"
"7","17","ionic"
"7","82","purescript"
"7","45","apache-cordova"
"7","22","parceljs"
"7","26","react-jsx"
"7","31","storybook"
"7","1","stimulusjs"
"7","112","mocha.js"
"7","125","mocha.js"
"7","14","hapijs"
"7","30","quasar-framework"
"7","45","gatsby"
"7","48","ava"
"7","40","rollupjs"
"7","26","nextjs"
"7","59","mobx"
"7","18","parceljs"
"7","7","fastify"
"7","20","relay"
"7","7","relayjs"
"7","77","jestjs"
"7","30","reason"
"7","5","purescript"
"7","97","browserify"
"7","53","apache-cordova"
"7","13","relay"
"7","17","reason"
"7","38","relay"
"7","29","react-jsx"
"7","27","relay"
"7","35","next.js"
"7","28","parceljs"
"7","13","fastify"
"7","42","next.js"
"7","6","snowpack"
"7","42","preact"
"7","9","preact"
"7","87","ionic-framework"
"7","26","relay"
"7","46","ava"
"7","23","storybook"
"7","0","nuxtjs"
"7","75","koa"
"7","106","clojurescript"
"7","4","testing-library"
"7","33","relay"
"7","27","storybook"
"7","0","quasar-framework"
"7","54","relay"
"7","47","preact"
"7","33","rollupjs"
"7","3","nwjs"
"7","49","relayjs"
"7","26","nwjs"
"7","40","purescript"
"7","90","browserify"
"7","9","koa"
"7","39","parceljs"
"7","89","browserify"
"7","96","browserify"
"7","36","strapi"
"7","37","storybook"
"7","46","preact"
"7","13","nextjs"
"7","7","hapijs"
"7","69","graphql"
"7","33","quasar-framework"
"7","20","storybook"
"7","46","relay"
"6","36","svelte"
"6","81","react-jsx"
"6","26","quasar-framework"
"6","38","relayjs"
"6","13","playwright"
"6","6","reason"
"6","58","nwjs"
"6","22","purescript"
"6","51","preact"
"6","23","react-jsx"
"6","24","purescript"
"6","34","svelte"
"6","45","angular4"
"6","39","ava"
"6","37","relayjs"
"6","28","preact"
"6","23","purescript"
"6","3","preact"
"6","16","nextjs"
"6","43","preact"
"6","88","ionic-framework"
"6","20","preact"
"6","36","relay"
"6","14","relay"
"6","9","hapijs"
"6","18","xstate"
"6","10","reason"
"6","75","webdriver-io"
"6","9","relay"
"6","20","ionic"
"6","50","preact"
"6","17","relay"
"6","11","alpine.js"
"6","29","lit-element"
"6","72","vue.js"
"6","32","relay"
"6","43","cypress"
"6","84","eml"
"6","52","nwjs"
"6","17","parceljs"
"6","43","nuxt.js"
"6","29","preact"
"6","43","ava"
"6","48","angular4"
"6","53","nwjs"
"6","6","react-jsx"
"6","15","ionic"
"6","24","rollupjs"
"6","32","strapi"
"6","52","apollo-client"
"6","70","redux"
"6","20","fastify"
"6","94","browserify"
"6","61","webdriver-io"
"6","35","svelte"
"6","53","ava"
"6","21","ionic"
"6","38","preact"
"6","44","react-jsx"
"6","23","reason"
"6","33","lit-element"
"6","6","koa"
"6","85","koa"
"6","7","stimulusjs"
"6","71","webdriver-io"
"6","98","browserify"
"6","57","rollupjs"
"6","51","nwjs"
"6","4","preact"
"6","30","strapi"
"6","43","quasar-framework"
"6","49","nuxt.js"
"6","72","purescript"
"6","3","parceljs"
"6","32","lit-element"
"6","94","reactjs"
"6","39","preact"
"6","26","relayjs"
"6","8","hapijs"
"6","36","nwjs"
"6","10","preact"
"6","70","webdriver-io"
"6","2","hapijs"
"6","91","reactjs"
"6","47","angular4"
"6","2","relay"
"6","61","apache-cordova"
"6","76","jestjs"
"6","15","reason"
"6","1","hapijs"
"6","23","xstate"
"5","9","stimulusjs"
"5","5","stimulusjs"
"5","144","cordova"
"5","17","xstate"
"5","5","snowpack"
"5","59","apache-cordova"
"5","74","atscript"
"5","25","apache-cordova"
"5","36","lit-element"
"5","36","ava"
"5","45","reason"
"5","73","vue.js"
"5","19","react-jsx"
"5","46","angular4"
"5","6","purescript"
"5","19","browserify"
"5","35","strapi"
"5","59","purescript"
"5","58","vuex"
"5","124","jasmine"
"5","84","hapijs"
"5","0","parceljs"
"5","117","mocha.js"
"5","33","capacitor"
"5","43","next.js"
"5","40","svelte"
"5","21","react-jsx"
"5","77","electron"
"5","86","koa"
"5","21","reason"
"5","64","purescript"
"5","28","svelte"
"5","24","ionic"
"5","25","rollupjs"
"5","13","xstate"
"5","46","reason"
"5","61","rollupjs"
"5","43","nwjs"
"5","1","nextjs"
"5","16","ionic"
"5","5","xstate"
"5","12","xstate"
"5","1","snowpack"
"5","24","relayjs"
"5","77","webdriver-io"
"5","15","playwright"
"5","41","preact"
"5","130","mocha.js"
"5","30","nwjs"
"5","32","reason"
"5","17","ava"
"5","43","nextjs"
"5","32","ava"
"5","32","parceljs"
"5","35","purescript"
"5","42","quasar-framework"
"5","40","cypress"
"5","15","parceljs"
"5","31","rollupjs"
"5","54","nwjs"
"5","58","ava"
"5","74","vue.js"
"5","1","relay"
"5","8","parceljs"
"5","2","reason"
"5","19","fastify"
"5","0","browserify"
"5","84","webdriver-io"
"5","100","eml"
"5","6","preact"
"5","44","preact"
"5","63","purescript"
"5","49","apache-cordova"
"5","46","svelte"
"5","7","reason"
"5","33","storybook"
"5","47","nwjs"
"5","37","relay"
"5","132","cordova"
"5","55","relay"
"5","6","stimulusjs"
"5","34","relay"
"5","7","snowpack"
"5","25","ava"
"5","12","relay"
"5","71","purescript"
"5","64","apache-cordova"
"5","35","storybook"
"5","48","gatsby"
"5","42","rollupjs"
"5","16","reason"
"5","40","relay"
"5","14","purescript"
"5","31","quasar-framework"
"5","15","preact"
"5","70","eml"
"5","9","fastify"
"5","8","ionic"
"5","21","parceljs"
"5","17","purescript"
"5","65","relay"
"5","45","svelte"
"5","39","koa"
"5","16","playwright"
"5","80","webpack"
"5","101","clojurescript"
"5","4","snowpack"
"5","34","apache-cordova"
"5","56","purescript"
"5","34","nextjs"
"5","76","purescript"
"5","33","svelte"
"5","28","capacitor"
"4","40","nestjs"
"4","150","eml"
"4","56","apache-cordova"
"4","0","fastify"
"4","82","jestjs"
"4","59","webdriver-io"
"4","10","testing-library"
"4","4","react-jsx"
"4","21","eml"
"4","69","relayjs"
"4","78","ionic"
"4","31","capacitor"
"4","48","nwjs"
"4","50","svelte"
"4","46","nwjs"
"4","19","parceljs"
"4","39","nwjs"
"4","4","nextjs"
"4","1","purescript"
"4","11","purescript"
"4","37","preact"
"4","38","nwjs"
"4","40","nwjs"
"4","112","eml"
"4","27","quasar-framework"
"4","1","reason"
"4","25","relay"
"4","78","angular"
"4","34","purescript"
"4","16","relay"
"4","38","storybook"
"4","3","hapijs"
"4","20","reason"
"4","5","eml"
"4","7","purescript"
"4","13","eml"
"4","29","relay"
"4","41","nwjs"
"4","136","cordova"
"4","18","relay"
"4","11","relay"
"4","88","react-jsx"
"4","44","nextjs"
"4","1","browserify"
"4","79","jestjs"
"4","39","relay"
"4","1","testing-library"
"4","26","purescript"
"4","19","purescript"
"4","34","storybook"
"4","29","storybook"
"4","3","relay"
"4","26","fastify"
"4","40","eml"
"4","51","ava"
"4","3","purescript"
"4","27","rollupjs"
"4","18","preact"
"4","22","relay"
"4","36","storybook"
"4","23","relay"
"4","38","angular4"
"4","14","browserify"
"4","4","relayjs"
"4","105","eml"
"4","135","cordova"
"4","78","electron"
"4","23","ava"
"4","56","ava"
"4","35","ionic"
"4","57","ava"
"4","15","relay"
"4","42","apache-cordova"
"4","61","mobx"
"4","20","browserify"
"4","20","purescript"
"4","6","relayjs"
"4","6","ionic"
"4","114","clojurescript"
"4","0","stimulusjs"
"4","79","vue.js"
"4","31","eml"
"4","26","preact"
"4","64","relay"
"4","31","purescript"
"4","17","eml"
"4","24","reason"
"4","31","nextjs"
"4","34","preact"
"4","2","ava"
"4","128","mocha.js"
"4","18","stimulusjs"
"4","127","mocha.js"
"4","49","eml"
"4","82","koa"
"4","21","relay"
"4","40","parceljs"
"4","33","parceljs"
"4","39","strapi"
"4","74","webdriver-io"
"4","11","preact"
"4","44","apache-cordova"
"4","117","clojurescript"
"4","36","relayjs"
"4","60","apache-cordova"
"4","1","koa"
"4","37","nwjs"
"4","0","testing-library"
"4","44","rollupjs"
"4","10","fastify"
"4","32","preact"
"4","38","ava"
"4","13","ionic"
"4","55","apache-cordova"
"4","49","preact"
"4","25","nextjs"
"4","4","hapijs"
"4","10","xstate"
"4","58","gatsby"
"4","5","clojurescript"
"4","124","mocha.js"
"4","23","nwjs"
"4","44","next.js"
"4","19","nextjs"
"4","51","apache-cordova"
"4","6","browserify"
"4","35","parceljs"
"4","8","xstate"
"4","15","nextjs"
"4","24","fastify"
"4","20","relayjs"
"4","91","browserify"
"4","14","relayjs"
"4","12","nuxtjs"
"4","5","relay"
"4","109","eml"
"4","47","reason"
"4","18","react-jsx"
"4","78","jestjs"
"4","53","gatsby"
"4","6","hapijs"
"4","34","strapi"
"4","42","eml"
"4","25","eml"
"4","87","hapijs"
"4","2","snowpack"
"4","38","rollupjs"
"4","6","ava"
"4","34","parceljs"
"4","41","ava"
"4","143","cordova"
"3","79","eml"
"3","34","ava"
"3","58","eml"
"3","84","webpack"
"3","28","apache-cordova"
"3","79","angular"
"3","21","nextjs"
"3","11","snowpack"
"3","64","atscript"
"3","44","angular4"
"3","23","ionic"
"3","45","storybook"
"3","37","parceljs"
"3","41","apache-cordova"
"3","25","fastify"
"3","84","vue.js"
"3","111","eml"
"3","0","nwjs"
"3","29","relayjs"
"3","16","preact"
"3","1","ava"
"3","20","ava"
"3","13","purescript"
"3","4","ionic"
"3","24","ava"
"3","29","capacitor"
"3","52","eml"
"3","58","rollupjs"
"3","51","angular4"
"3","11","stimulusjs"
"3","151","eml"
"3","30","svelte"
"3","38","strapi"
"3","98","eml"
"3","9","reason"
"3","83","webdriver-io"
"3","31","apache-cordova"
"3","75","eml"
"3","12","playwright"
"3","55","ava"
"3","10","stimulusjs"
"3","27","xstate"
"3","12","nextjs"
"3","86","eml"
"3","117","eml"
"3","136","eml"
"3","34","quasar-framework"
"3","97","eml"
"3","14","react-jsx"
"3","70","purescript"
"3","3","relayjs"
"3","29","rollupjs"
"3","91","eml"
"3","11","ava"
"3","50","nuxt.js"
"3","38","quasar-framework"
"3","15","ava"
"3","73","purescript"
"3","65","purescript"
"3","14","alpine.js"
"3","0","koa"
"3","114","mocha.js"
"3","113","mocha.js"
"3","41","quasar-framework"
"3","2","browserify"
"3","60","eml"
"3","116","eml"
"3","32","purescript"
"3","94","eml"
"3","101","eml"
"3","116","typescript"
"3","24","nwjs"
"3","47","eml"
"3","108","browserify"
"3","52","preact"
"3","77","eml"
"3","33","ava"
"3","3","browserify"
"3","22","ava"
"3","0","rollupjs"
"3","0","snowpack"
"3","66","eml"
"3","14","ionic"
"3","122","jasmine"
"3","114","ember.js"
"3","50","gatsby"
"3","26","svelte"
"3","28","nextjs"
"3","113","clojurescript"
"3","32","capacitor"
"3","10","ava"
"3","0","purescript"
"3","146","eml"
"3","17","stimulusjs"
"3","16","purescript"
"3","81","purescript"
"3","25","ionic"
"3","89","eml"
"3","28","relay"
"3","1","relayjs"
"3","12","relayjs"
"3","25","relayjs"
"3","125","eml"
"3","75","purescript"
"3","121","jasmine"
"3","120","mocha.js"
"3","7","ava"
"3","43","apache-cordova"
"3","15","relayjs"
"3","8","eml"
"3","8","browserify"
"3","0","hapijs"
"3","31","ionic"
"3","63","eml"
"3","19","relay"
"3","60","reason"
"3","3","nextjs"
"3","15","testing-library"
"3","11","ionic"
"3","57","reason"
"3","50","eml"
"3","85","webdriver-io"
"3","46","gatsby"
"3","16","eml"
"3","29","nextjs"
"3","1","esbuild"
"3","64","eml"
"3","22","xstate"
"3","62","rollupjs"
"3","5","ava"
"3","49","svelte"
"3","48","preact"
"3","82","vue.js"
"3","80","jestjs"
"3","53","next.js"
"3","86","react-jsx"
"3","30","rollupjs"
"3","31","relayjs"
"3","43","svelte"
"3","46","apache-cordova"
"3","57","nwjs"
"3","39","storybook"
"3","14","nwjs"
"3","19","xstate"
"3","22","ionic"
"3","35","relay"
"3","47","apache-cordova"
"3","34","capacitor"
"3","24","eml"
"3","37","apache-cordova"
"3","7","testing-library"
"3","59","gatsby"
"3","2","ionic"
"3","6","testing-library"
"3","22","fastify"
"3","112","clojurescript"
"3","19","nwjs"
"3","2","esbuild"
"3","41","storybook"
"3","18","eml"
"3","50","apache-cordova"
"3","34","lit-element"
"3","93","eml"
"3","127","express"
"3","12","reason"
"3","78","webdriver-io"
"3","42","purescript"
"3","15","eml"
"3","19","ava"
"3","31","lit-element"
"3","50","next.js"
"3","42","nwjs"
"3","22","nwjs"
"3","18","relayjs"
"3","21","relayjs"
"2","12","nwjs"
"2","148","eml"
"2","39","svelte"
"2","31","svelte"
"2","27","nextjs"
"2","0","react-jsx"
"2","4","eml"
"2","27","relayjs"
"2","46","storybook"
"2","23","eml"
"2","58","strapi"
"2","89","react-jsx"
"2","5","hapijs"
"2","74","purescript"
"2","10","eml"
"2","59","vuex"
"2","30","preact"
"2","52","gatsby"
"2","8","reason"
"2","85","vue.js"
"2","99","browserify"
"2","139","cordova"
"2","32","fastify"
"2","45","nwjs"
"2","79","purescript"
"2","0","eml"
"2","138","eml"
"2","0","relay"
"2","67","purescript"
"2","116","mocha.js"
"2","84","angular"
"2","48","svelte"
"2","68","relay"
"2","41","parceljs"
"2","30","relayjs"
"2","23","fastify"
"2","8","relayjs"
"2","63","relay"
"2","7","eml"
"2","145","cordova"
"2","32","nwjs"
"2","24","apache-cordova"
"2","92","webdriver-io"
"2","53","eml"
"2","30","nextjs"
"2","17","nwjs"
"2","14","romejs"
"2","49","reason"
"2","7","nextjs"
"2","3","xstate"
"2","52","apache-cordova"
"2","35","relayjs"
"2","28","eml"
"2","15","xstate"
"2","39","angular4"
"2","52","next.js"
"2","44","svelte"
"2","126","jasmine"
"2","141","eml"
"2","66","purescript"
"2","29","nwjs"
"2","99","eml"
"2","36","angular4"
"2","5","preact"
"2","12","testing-library"
"2","16","ava"
"2","89","webdriver-io"
"2","54","apache-cordova"
"2","82","webdriver-io"
"2","67","eml"
"2","80","webdriver-io"
"2","148","cordova"
"2","62","atscript"
"2","87","eml"
"2","53","quasar-framework"
"2","123","eml"
"2","88","webdriver-io"
"2","5","ionic"
"2","42","storybook"
"2","44","storybook"
"2","49","ava"
"2","131","mocha.js"
"2","106","eml"
"2","120","eml"
"2","41","svelte"
"2","142","mocha.js"
"2","22","nextjs"
"2","142","cordova"
"2","21","preact"
"2","3","react-jsx"
"2","12","ava"
"2","88","eml"
"2","30","fastify"
"2","93","reactjs"
"2","29","ava"
"2","73","eml"
"2","60","rollupjs"
"2","8","nwjs"
"2","83","eml"
"2","121","mocha.js"
"2","88","koa"
"2","38","eml"
"2","13","relayjs"
"2","139","mocha.js"
"2","66","strapi"
"2","32","relayjs"
"2","3","ava"
"2","62","eml"
"2","59","reason"
"2","45","strapi"
"2","26","ava"
"2","17","react-jsx"
"2","21","purescript"
"2","110","eml"
"2","5","nextjs"
"2","27","eml"
"2","9","ionic"
"2","32","eml"
"2","16","relayjs"
"2","8","react-jsx"
"2","14","playwright"
"2","42","ava"
"2","29","purescript"
"2","32","nextjs"
"2","126","mocha.js"
"2","15","snowpack"
"2","21","stimulusjs"
"2","11","testing-library"
"2","69","eml"
"2","34","stimulusjs"
"2","129","mocha.js"
"2","30","capacitor"
"2","32","svelte"
"2","9","snowpack"
"2","103","eml"
"2","14","xstate"
"2","138","cordova"
"2","60","nwjs"
"2","33","nwjs"
"2","39","quasar-framework"
"2","10","esbuild"
"2","16","stimulusjs"
"2","78","vue.js"
"2","143","eml"
"2","91","webdriver-io"
"2","75","electron"
"2","93","hapijs"
"2","33","eml"
"2","60","ava"
"2","17","relayjs"
"2","39","relayjs"
"2","8","testing-library"
"2","40","strapi"
"2","29","eml"
"2","22","eml"
"2","62","ava"
"2","92","eml"
"2","77","angular"
"2","138","mocha.js"
"2","102","eml"
"2","75","vue.js"
"2","28","nwjs"
"2","118","mocha.js"
"2","34","angular4"
"2","26","stimulusjs"
"2","8","relay"
"2","74","eml"
"2","57","gatsby"
"2","3","ionic"
"2","55","gatsby"
"2","15","nwjs"
"2","48","apache-cordova"
"2","20","stimulusjs"
"2","68","purescript"
"2","27","svelte"
"2","13","stimulusjs"
"2","37","rollupjs"
"2","43","angular4"
"2","35","lit-element"
"2","37","angular4"
"2","38","apache-cordova"
"2","76","webdriver-io"
"2","95","eml"
"2","24","nextjs"
"2","6","nwjs"
"2","80","angular"
"2","36","parceljs"
"2","60","vuex"
"2","139","eml"
"2","131","eml"
"2","121","eml"
"2","81","electron"
"1","22","angular4"
"1","61","strapi"
"1","81","eml"
"1","76","angular"
"1","82","eml"
"1","45","eml"
"1","56","cypress"
"1","107","eml"
"1","9","relayjs"
"1","82","electron"
"1","0","relayjs"
"1","124","eml"
"1","28","angular4"
"1","61","ava"
"1","40","quasar-framework"
"1","65","atscript"
"1","27","ava"
"1","51","eml"
"1","90","eml"
"1","83","webpack"
"1","57","preact"
"1","52","strapi"
"1","19","stimulusjs"
"1","130","eml"
"1","32","xstate"
"1","134","express"
"1","113","eml"
"1","4","xstate"
"1","83","electron"
"1","5","apache-cordova"
"1","17","angular4"
"1","84","electron"
"1","36","capacitor"
"1","64","strapi"
"1","3","reason"
"1","86","webpack"
"1","61","atscript"
"1","74","relayjs"
"1","41","atscript"
"1","78","eml"
"1","22","apache-cordova"
"1","19","eml"
"1","6","nextjs"
"1","31","ava"
"1","41","strapi"
"1","137","cordova"
"1","101","browserify"
"1","137","mocha.js"
"1","114","eml"
"1","54","eml"
"1","90","webdriver-io"
"1","118","eml"
"1","134","eml"
"1","68","eml"
"1","22","stimulusjs"
"1","56","gatsby"
"1","24","stimulusjs"
"1","1","nwjs"
"1","13","testing-library"
"1","32","apache-cordova"
"1","20","xstate"
"1","11","apache-cordova"
"1","96","eml"
"1","12","apache-cordova"
"1","75","atscript"
"1","37","xstate"
"1","85","webpack"
"1","8","ava"
"1","39","apache-cordova"
"1","7","ionic"
"1","28","ava"
"1","40","ava"
"1","33","stimulusjs"
"1","14","testing-library"
"1","2","nwjs"
"1","35","apache-cordova"
"1","13","nwjs"
"1","71","eml"
"1","20","nwjs"
"1","15","apache-cordova"
"1","58","reason"
"1","2","nextjs"
"1","31","nwjs"
"1","2","eml"
"1","11","xstate"
"1","18","nwjs"
"1","51","expo"
"1","72","eml"
"1","91","hapijs"
"1","27","nwjs"
"1","21","apache-cordova"
"1","11","relayjs"
"1","43","nestjs"
"1","1","ionic"
"1","122","mocha.js"
"1","66","rollupjs"
"1","0","reason"
"1","8","nextjs"
"1","115","ember.js"
"1","34","reasonml"
"1","32","atscript"
"1","126","eml"
"1","29","parceljs"
"1","18","purescript"
"1","81","webdriver-io"
"1","80","eml"
"1","62","strapi"
"1","31","reasonml"
"1","18","ava"
"1","67","relay"
"1","33","apache-cordova"
"1","0","gatsbyjs"
"1","85","hapijs"
"1","79","electron"
"1","27","purescript"
"1","34","eml"
"1","8","angular4"
"1","44","nwjs"
"1","6","esbuild"
"1","10","snowpack"
"1","30","eml"
"1","48","storybook"
"1","0","angular4"
"1","15","angular4"
"1","2","angular4"
"1","12","stimulusjs"
"1","6","eml"
"1","46","eml"
"1","59","ava"
"1","132","mocha.js"
"1","13","ava"
"1","33","nextjs"
"1","92","browserify"
"1","74","graphql"
"1","35","capacitor"
"1","88","angular"
"1","25","angular4"
"1","35","ava"
"1","23","angular4"
"1","7","esbuild"
"1","28","purescript"
"1","132","eml"
"1","10","purescript"
"1","12","angular4"
"1","8","esbuild"
"1","35","stimulusjs"
"1","97","angular"
"1","79","webdriver-io"
"1","59","rollupjs"
"1","100","browserify"
"1","40","angular4"
"1","37","strapi"
"1","59","eml"
"1","57","atscript"
"1","107","browserify"
"1","64","nwjs"
"1","51","gatsby"
"1","13","angular4"
"1","49","nwjs"
"1","15","purescript"
"1","59","strapi"
"1","59","nwjs"
"1","9","xstate"
"1","41","angular4"
"1","49","next.js"
"1","7","angular4"
"1","29","svelte"
"1","35","angular4"
"1","88","hapijs"
"1","86","webdriver-io"
"1","26","eml"
"1","14","stimulusjs"
"1","20","nextjs"
"1","48","nestjs"
"1","38","parceljs"
"1","9","nwjs"
"1","116","clojurescript"
"1","20","apache-cordova"
"1","20","eml"
"1","56","preact"
"1","44","eml"
"1","135","eml"
"1","11","nwjs"
"1","9","testing-library"
"1","23","nextjs"
"1","1","gatsbyjs"
"1","27","apache-cordova"
"1","10","nextjs"
"1","11","nextjs"
"1","39","eml"
"1","83","hapijs"
"1","28","relayjs"
"1","1","eml"
"1","23","apache-cordova"
"1","80","vue.js"
"1","29","fastify"
"1","51","svelte"
"1","40","apache-cordova"
"1","61","eml"
"1","95","reactjs"
"1","5","testing-library"
"1","42","angular4"
"1","86","hapijs"
"1","47","angular4.x"
"1","60","preact"
"1","75","angular"
"1","54","ava"
"1","17","nextjs"
"1","96","reactjs"
"1","47","storybook"
"1","0","preact"
"1","80","purescript"
"1","23","relayjs"
"1","65","rollupjs"
"1","57","expo"
"1","30","reasonml"
"1","77","vue.js"
"1","35","eml"
"1","0","esbuild"
"1","77","purescript"